Shipping_Mode,Market,Order_Region,Category,Customer_Segment,Quantity,Product_Price,Discount_Rate,Sales,Profit_Ratio,Scheduled_Days,Actual_Late_Risk,Predicted_Late_Risk,Predicted_Late_Probability
Second Class,USCA,West Africa,Beauty,Consumer,2,175.52,0.086,320.85,0.206,2,0,1,0.5991309271839798
First Class,Europe,Eastern Europe,Furniture,Home Office,5,275.14,0.31,949.23,0.044,1,1,1,0.6484159463237704
Second Class,Pacific Asia,Eastern Europe,Furniture,Consumer,4,508.76,0.284,1457.09,0.365,2,1,1,0.5639718513097346
First Class,USCA,South America,Office Supplies,Corporate,3,116.24,0.242,264.33,0.064,1,0,1,0.6237933872553935
Same Day,LATAM,Central America,Fitness,Consumer,5,148.05,0.227,572.21,0.138,0,0,0,0.4483484024041891
Second Class,USCA,West Africa,Office Supplies,Consumer,1,418.83,0.17,347.63,0.205,2,0,0,0.490347029755399
Standard Class,Europe,Oceania,Electronics,Consumer,5,465.85,0.199,1865.73,0.271,4,0,0,0.39428546535372844
First Class,Europe,Eastern Europe,Office Supplies,Consumer,3,335.73,0.299,706.04,0.124,1,0,1,0.681027497650101
Standard Class,LATAM,Southeast Asia,Beauty,Corporate,1,243.97,0.036,235.19,0.221,4,1,0,0.39560975414136235
Standard Class,Europe,West Africa,Beauty,Consumer,2,318.74,0.218,498.51,0.222,4,0,0,0.33802321617575914
First Class,USCA,Eastern Europe,Fitness,Corporate,5,414.71,0.084,1899.37,0.185,1,0,1,0.5791590121204655
Standard Class,Pacific Asia,South America,Beauty,Corporate,1,203.86,0.22,159.01,0.176,4,0,0,0.42597767507359696
Standard Class,Pacific Asia,South America,Office Supplies,Corporate,5,598.84,0.052,2838.5,0.181,4,0,0,0.31078387177205485
Standard Class,Europe,Eastern Asia,Furniture,Consumer,5,181.53,0.281,652.6,0.112,4,1,0,0.3362570600566552
First Class,Pacific Asia,Oceania,Electronics,Corporate,3,219.44,0.016,647.79,0.169,1,0,1,0.6501999449822096
Standard Class,USCA,West Africa,Fitness,Consumer,4,185.59,0.329,498.12,0.235,4,0,0,0.39893166059315704
Second Class,USCA,Central America,Fitness,Home Office,3,271.45,0.016,801.32,0.3,2,0,0,0.49626178916477365
Standard Class,Europe,Oceania,Furniture,Consumer,5,424.56,0.013,2095.2,0.026,4,0,0,0.34751818067772033
Same Day,Europe,West Africa,Beauty,Consumer,2,181.1,0.084,331.78,0.15,0,1,0,0.4693610799916401
Standard Class,Pacific Asia,Oceania,Apparel,Corporate,5,355.77,0.294,1255.87,0.197,4,1,0,0.4186910990879048
Standard Class,Pacific Asia,Western Europe,Electronics,Consumer,3,449.12,0.143,1154.69,0.278,4,0,0,0.39025527497755463
Standard Class,Pacific Asia,Western Europe,Apparel,Corporate,3,198.05,0.004,591.77,0.218,4,0,0,0.3785262176270724
Standard Class,USCA,South America,Fitness,Consumer,3,75.29,0.316,154.5,0.074,4,0,0,0.27417579567410233
Standard Class,Pacific Asia,West Africa,Electronics,Consumer,5,206.45,0.124,904.25,0.048,4,1,1,0.5075109485765262
Standard Class,Pacific Asia,South America,Electronics,Home Office,4,425.12,0.307,1178.43,0.141,4,1,0,0.38800594083275314
First Class,Africa,West Africa,Fitness,Corporate,1,198.62,0.147,169.42,0.238,1,0,1,0.7258157474253241
Standard Class,Pacific Asia,Southeast Asia,Apparel,Consumer,3,92.13,0.348,180.21,0.191,4,0,0,0.3850344789766073
Second Class,LATAM,Western Europe,Electronics,Consumer,4,551.88,0.334,1470.21,0.203,2,1,1,0.5927974204559067
Standard Class,Africa,Oceania,Beauty,Corporate,4,419.04,0.157,1413.0,0.066,4,1,0,0.47796762323016195
Second Class,Pacific Asia,Western Europe,Fitness,Home Office,5,443.44,0.164,1853.58,0.207,2,0,1,0.5120180509272664
Standard Class,USCA,Western Europe,Beauty,Consumer,2,148.39,0.283,212.79,0.213,4,0,0,0.3315910310523263
Standard Class,Africa,Central America,Office Supplies,Home Office,2,239.73,0.301,335.14,0.177,4,0,0,0.49574171310317144
Second Class,Pacific Asia,Oceania,Furniture,Corporate,3,548.36,0.026,1602.31,0.215,2,1,1,0.5391109250777506
Standard Class,Europe,Central America,Electronics,Consumer,2,442.45,0.133,767.21,0.221,4,0,0,0.3153460180578776
Second Class,USCA,Western Europe,Furniture,Consumer,2,522.01,0.094,945.88,-0.046,2,0,0,0.3413475590705645
Same Day,LATAM,South America,Electronics,Consumer,4,321.69,0.196,1034.56,0.26,0,0,0,0.3702391763258285
Second Class,Europe,Eastern Europe,Furniture,Corporate,5,415.94,0.212,1638.8,0.178,2,0,0,0.40357973872174313
Standard Class,LATAM,West Africa,Fitness,Consumer,4,451.33,0.061,1695.2,0.233,4,0,0,0.38248429933964007
Standard Class,Pacific Asia,Southeast Asia,Electronics,Consumer,1,437.9,0.018,430.02,0.291,4,1,0,0.3152141765756341
Standard Class,LATAM,Eastern Asia,Furniture,Consumer,5,559.44,0.31,1930.07,0.282,4,1,0,0.46750684985097707
Standard Class,LATAM,Eastern Asia,Beauty,Consumer,2,119.68,0.158,201.54,0.029,4,0,0,0.34420198296087823
Standard Class,USCA,Southeast Asia,Apparel,Consumer,4,285.97,0.32,777.84,0.217,4,0,0,0.4233887756541876
Second Class,Pacific Asia,Central America,Apparel,Corporate,4,446.46,0.079,1644.76,0.257,2,0,1,0.5602694211203421
Standard Class,Pacific Asia,Eastern Europe,Furniture,Corporate,3,110.41,0.117,292.48,0.335,4,0,0,0.3780150921941847
Standard Class,Pacific Asia,Western Europe,Fitness,Consumer,2,231.05,0.068,430.68,0.352,4,0,0,0.28559371664431193
First Class,Europe,Eastern Asia,Fitness,Consumer,2,513.61,0.256,764.25,0.161,1,1,1,0.7353824941022015
Standard Class,Europe,Central America,Beauty,Consumer,2,182.94,0.141,314.29,0.046,4,0,0,0.24005490266174812
Standard Class,USCA,South America,Apparel,Corporate,1,400.19,0.189,324.55,0.122,4,0,0,0.3475236013997059
Second Class,USCA,Western Europe,Electronics,Consumer,5,331.58,0.047,1579.98,0.117,2,0,0,0.4742437293687613
First Class,USCA,Oceania,Furniture,Consumer,4,260.39,0.115,921.78,0.314,1,0,1,0.7277455125820187
Second Class,USCA,Eastern Europe,Beauty,Consumer,3,303.68,0.027,886.44,0.386,2,1,1,0.5226218205826516
Standard Class,Africa,Eastern Asia,Beauty,Consumer,1,154.02,0.273,111.97,0.109,4,0,1,0.6446371459368344
Standard Class,LATAM,Eastern Asia,Fitness,Consumer,2,518.98,0.14,892.65,0.17,4,0,0,0.35009425492452495
Second Class,LATAM,Oceania,Office Supplies,Corporate,4,188.13,0.331,503.44,0.156,2,1,1,0.5550537346760442
Same Day,LATAM,Central America,Apparel,Consumer,1,189.82,0.074,175.77,0.148,0,0,0,0.4919947802589266
Standard Class,USCA,West Africa,Apparel,Corporate,4,102.02,0.32,277.49,0.159,4,0,0,0.43222028227974774
Second Class,LATAM,Eastern Europe,Furniture,Consumer,3,368.1,0.202,881.23,0.241,2,0,0,0.48260746683395356
Standard Class,Africa,Eastern Europe,Fitness,Consumer,5,457.9,0.128,1996.44,0.221,4,1,1,0.6342048586113777
First Class,LATAM,Eastern Europe,Furniture,Consumer,3,327.09,0.296,690.81,0.327,1,0,1,0.683170760253794
Second Class,Europe,Eastern Europe,Beauty,Consumer,5,260.52,0.121,1144.99,0.12,2,0,0,0.46033828882855343
Standard Class,LATAM,Central America,Beauty,Consumer,3,309.68,0.111,825.92,0.186,4,0,0,0.2851439346413632
Standard Class,Europe,Central America,Fitness,Corporate,2,271.8,0.009,538.71,0.297,4,0,0,0.3844498463927442
Second Class,Pacific Asia,Eastern Europe,Fitness,Consumer,2,310.98,0.086,568.47,0.33,2,0,0,0.4988556317400564
Standard Class,LATAM,Eastern Asia,Apparel,Corporate,4,519.91,0.231,1599.24,0.26,4,0,0,0.45648857011330535
Standard Class,Africa,Oceania,Fitness,Home Office,3,69.8,0.085,191.6,0.084,4,1,0,0.4341452817562822
Second Class,Europe,Eastern Asia,Beauty,Consumer,1,508.52,0.264,374.27,0.066,2,0,0,0.4484056482226574
Second Class,Europe,Western Europe,Fitness,Consumer,4,133.52,0.197,428.87,0.283,2,0,1,0.5807672217713147
Standard Class,USCA,Eastern Asia,Office Supplies,Consumer,5,412.64,0.29,1464.87,0.019,4,0,0,0.3300572881108796
Standard Class,Pacific Asia,Oceania,Electronics,Corporate,2,436.55,0.172,722.93,0.103,4,1,0,0.3746546032601805
Standard Class,Pacific Asia,Central America,Fitness,Consumer,1,259.47,0.078,239.23,0.065,4,0,0,0.42047632219436853
First Class,LATAM,South America,Beauty,Consumer,4,400.79,0.289,1139.85,0.157,1,1,1,0.7166903976254023
Second Class,LATAM,Oceania,Apparel,Consumer,5,350.96,0.16,1474.03,0.166,2,1,1,0.5875359104647383
Second Class,USCA,Oceania,Furniture,Corporate,5,248.02,0.136,1071.45,0.22,2,1,1,0.5420361984838379
Second Class,LATAM,Southeast Asia,Furniture,Corporate,5,344.49,0.272,1253.94,0.23,2,0,1,0.5517914144488459
Second Class,Pacific Asia,Oceania,Apparel,Consumer,2,116.04,0.114,205.62,0.111,2,1,1,0.5650228197852372
Standard Class,Pacific Asia,Oceania,Electronics,Consumer,2,336.1,0.209,531.71,0.273,4,1,0,0.3622191664351369
Standard Class,Africa,South America,Furniture,Consumer,3,241.46,0.114,641.8,0.16,4,0,0,0.4123807953014102
Standard Class,USCA,Oceania,Apparel,Home Office,3,51.5,0.137,133.33,0.2,4,0,0,0.3222881197721995
Second Class,Europe,Southeast Asia,Apparel,Consumer,5,540.12,0.283,1936.33,0.112,2,1,0,0.42283600546314615
Second Class,USCA,Central America,Fitness,Consumer,4,385.11,0.164,1287.81,0.191,2,1,1,0.6304960756172903
Standard Class,LATAM,Eastern Asia,Fitness,Consumer,3,283.42,0.237,648.75,0.186,4,0,0,0.3131327116898825
Standard Class,Europe,Southeast Asia,Apparel,Corporate,5,445.06,0.174,1838.1,0.161,4,1,0,0.3525718800992065
First Class,Europe,Southeast Asia,Apparel,Consumer,2,320.09,0.097,578.08,0.154,1,0,1,0.7139228587389514
Standard Class,USCA,Eastern Asia,Office Supplies,Consumer,4,24.57,0.167,81.87,0.316,4,0,0,0.36067451341215817
Standard Class,Africa,Southeast Asia,Office Supplies,Consumer,2,97.15,0.237,148.25,0.082,4,1,1,0.5332659069314616
Standard Class,USCA,Oceania,Beauty,Consumer,1,256.4,0.342,168.71,0.098,4,1,0,0.41067400995884024
Second Class,LATAM,Eastern Europe,Office Supplies,Consumer,3,583.79,0.067,1634.03,0.082,2,1,0,0.49533806600979474
Second Class,Europe,Central America,Fitness,Consumer,5,333.04,0.3,1165.64,0.045,2,1,0,0.4987216091851577
Standard Class,Africa,Central America,Electronics,Consumer,5,288.87,0.127,1260.92,0.19,4,0,1,0.5732452019292749
Standard Class,Africa,Western Europe,Apparel,Consumer,5,463.53,0.238,1766.05,0.279,4,0,1,0.5505886490002344
Standard Class,Europe,South America,Beauty,Corporate,5,69.26,0.017,340.41,0.278,4,0,0,0.3994769295386907
Standard Class,Europe,South America,Apparel,Consumer,3,315.85,0.216,742.88,0.221,4,0,0,0.31219084033396494
Second Class,Africa,West Africa,Office Supplies,Consumer,5,516.79,0.186,2103.34,0.361,2,0,0,0.49699931020703264
Second Class,LATAM,Central America,Furniture,Consumer,3,161.87,0.15,412.77,0.134,2,1,0,0.4833542109594281
Standard Class,Europe,Eastern Europe,Office Supplies,Consumer,4,462.63,0.135,1600.7,0.231,4,1,0,0.3446730236445771
Standard Class,LATAM,South America,Electronics,Consumer,1,33.55,0.294,23.69,0.264,4,0,0,0.32208208709358527
Standard Class,LATAM,West Africa,Fitness,Consumer,5,559.35,0.137,2413.6,0.232,4,0,0,0.3338790101365302
Standard Class,LATAM,Western Europe,Apparel,Consumer,2,118.46,0.33,158.74,0.33,4,0,0,0.33819794430006317
Standard Class,Europe,Eastern Europe,Beauty,Consumer,4,185.3,0.323,501.79,0.349,4,0,0,0.3504045932775932
First Class,LATAM,Eastern Asia,Furniture,Consumer,4,286.42,0.247,862.7,0.293,1,1,1,0.6781101979523991
Standard Class,Africa,Eastern Europe,Fitness,Consumer,5,159.0,0.276,575.58,0.102,4,0,0,0.4974573258316348
Second Class,USCA,Eastern Europe,Office Supplies,Consumer,4,102.15,0.276,295.83,0.102,2,0,0,0.4926957461954094
Standard Class,Pacific Asia,South America,Furniture,Home Office,1,509.22,0.303,354.93,0.182,4,1,0,0.4319801576479833
Standard Class,Pacific Asia,Oceania,Electronics,Consumer,4,522.28,0.329,1401.8,-0.054,4,0,0,0.4292205310006762
First Class,USCA,Western Europe,Beauty,Corporate,5,554.71,0.297,1949.81,0.129,1,0,1,0.6606377016584916
Second Class,Pacific Asia,South America,Fitness,Consumer,2,197.4,0.176,325.32,0.323,2,1,1,0.5154597154842671
Standard Class,Europe,Central America,Beauty,Corporate,2,333.07,0.061,625.51,0.113,4,0,0,0.29472772833801086
Standard Class,LATAM,Eastern Asia,Office Supplies,Consumer,5,551.39,0.172,2282.75,0.359,4,0,0,0.3628675808309769
Standard Class,USCA,Southeast Asia,Fitness,Home Office,4,522.04,0.122,1833.4,0.129,4,0,0,0.3052832302183669
First Class,LATAM,Oceania,Beauty,Home Office,2,532.17,0.22,830.19,0.086,1,0,1,0.6845622805756787
Second Class,Pacific Asia,Western Europe,Furniture,Consumer,1,451.0,0.161,378.39,0.147,2,1,1,0.5202128431989256
Standard Class,USCA,Eastern Asia,Electronics,Corporate,2,91.04,0.048,173.34,0.069,4,0,0,0.3917397218532839
Standard Class,Europe,Southeast Asia,Furniture,Consumer,1,159.76,0.192,129.09,0.208,4,1,0,0.349219621114271
Standard Class,Europe,Oceania,Beauty,Corporate,3,53.02,0.246,119.93,0.322,4,0,0,0.2981223925077288
Standard Class,Europe,Oceania,Beauty,Consumer,1,86.57,0.083,79.38,0.201,4,1,0,0.32244453377712756
Second Class,USCA,Southeast Asia,Office Supplies,Consumer,5,52.81,0.137,227.88,0.244,2,1,0,0.4485344826882145
Standard Class,Europe,Eastern Asia,Electronics,Consumer,1,313.42,0.257,232.87,0.178,4,0,0,0.28961858310488814
Standard Class,Europe,Southeast Asia,Office Supplies,Consumer,3,349.91,0.274,762.1,0.091,4,1,0,0.43287426200068496
Second Class,USCA,West Africa,Apparel,Consumer,1,556.09,0.312,382.59,-0.015,2,1,1,0.5080018306117189
Standard Class,LATAM,Eastern Asia,Apparel,Corporate,4,318.72,0.225,988.03,0.332,4,0,0,0.35244122296680525
Standard Class,USCA,Eastern Europe,Beauty,Corporate,1,112.82,0.126,98.6,0.016,4,0,0,0.3272956166981755
Second Class,USCA,Central America,Electronics,Consumer,3,424.52,0.33,853.29,0.219,2,1,0,0.462965032689217
Standard Class,Europe,Western Europe,Furniture,Consumer,3,505.23,0.019,1486.89,0.082,4,0,0,0.3195948622242215
First Class,Africa,Eastern Europe,Electronics,Home Office,2,56.97,0.238,86.82,0.153,1,1,1,0.5767540521859108
Second Class,LATAM,Eastern Europe,Electronics,Home Office,2,597.78,0.092,1085.57,0.284,2,1,0,0.42513321157466627
Standard Class,USCA,Western Europe,Furniture,Consumer,2,450.6,0.222,701.13,0.136,4,0,0,0.25836056748188574
Standard Class,Europe,West Africa,Office Supplies,Consumer,4,342.06,0.335,909.88,0.06,4,0,0,0.4843755848323262
Standard Class,Africa,South America,Furniture,Corporate,3,262.82,0.331,527.48,0.41,4,0,0,0.4109098993244482
Standard Class,USCA,Oceania,Office Supplies,Corporate,2,115.05,0.112,204.33,0.28,4,0,0,0.3329745909670022
Standard Class,USCA,Western Europe,Electronics,Consumer,4,314.76,0.037,1212.46,0.263,4,0,0,0.3345116226577211
First Class,Europe,South America,Beauty,Consumer,5,217.4,0.008,1078.3,0.305,1,1,1,0.6301900313825074
Second Class,Pacific Asia,South America,Electronics,Home Office,3,399.08,0.043,1145.76,0.201,2,0,1,0.5591660253258774
Standard Class,Africa,Central America,Office Supplies,Consumer,5,138.03,0.06,648.74,0.195,4,1,0,0.4678278911057069
Standard Class,USCA,South America,Apparel,Home Office,4,398.21,0.185,1298.16,0.096,4,0,0,0.3415004003285387
Standard Class,Europe,Eastern Europe,Furniture,Consumer,5,294.8,0.278,1064.23,0.219,4,0,0,0.4276347949319657
Standard Class,LATAM,Central America,Furniture,Consumer,1,141.89,0.348,92.51,0.242,4,0,0,0.2743929132199924
Second Class,Pacific Asia,Eastern Europe,Furniture,Consumer,1,578.0,0.237,441.01,0.024,2,0,0,0.4581586868999747
Standard Class,Africa,West Africa,Fitness,Home Office,3,253.37,0.063,712.22,0.128,4,1,0,0.43944268673451753
Standard Class,Pacific Asia,Eastern Europe,Office Supplies,Corporate,4,481.67,0.093,1747.5,0.262,4,0,0,0.4807722035933188
Standard Class,Europe,Eastern Asia,Fitness,Corporate,5,49.49,0.329,166.04,0.342,4,0,0,0.37411811686250296
Standard Class,USCA,South America,Fitness,Corporate,4,506.73,0.082,1860.71,0.227,4,0,0,0.44501238199557425
Standard Class,LATAM,West Africa,Furniture,Consumer,3,555.24,0.295,1174.33,0.14,4,0,0,0.383738126754014
Standard Class,Europe,Southeast Asia,Office Supplies,Corporate,5,440.82,0.231,1694.95,0.384,4,0,0,0.32265641784389143
Standard Class,USCA,Eastern Asia,Office Supplies,Consumer,2,551.51,0.086,1008.16,0.131,4,1,0,0.31864308015694887
First Class,USCA,South America,Fitness,Consumer,3,50.36,0.086,138.09,0.211,1,0,1,0.6469118489548861
Standard Class,Pacific Asia,Central America,Office Supplies,Consumer,2,135.38,0.289,192.51,0.041,4,0,0,0.4307670083123647
Standard Class,USCA,Eastern Asia,Beauty,Home Office,4,441.59,0.102,1586.19,0.139,4,1,0,0.342697340089746
First Class,Europe,Eastern Europe,Apparel,Home Office,5,554.79,0.112,2463.27,0.289,1,0,1,0.6020912629465768
Same Day,Europe,South America,Fitness,Consumer,5,349.81,0.081,1607.38,0.095,0,0,0,0.41666816509254684
Standard Class,Africa,Eastern Asia,Beauty,Consumer,1,122.73,0.211,96.83,0.233,4,0,0,0.4797174822803443
Second Class,Europe,Oceania,Apparel,Consumer,1,421.31,0.102,378.34,0.101,2,1,1,0.5004255901163946
Second Class,USCA,Eastern Europe,Furniture,Consumer,1,244.99,0.122,215.1,0.007,2,1,0,0.39024237035732307
Standard Class,Europe,Central America,Electronics,Consumer,3,497.01,0.026,1452.26,0.138,4,0,0,0.3089440948780123
Standard Class,Europe,Oceania,Office Supplies,Corporate,1,151.22,0.204,120.37,0.235,4,0,0,0.2603503714174125
First Class,Europe,Eastern Asia,Electronics,Home Office,4,136.67,0.106,488.73,0.332,1,1,1,0.6267685773463221
Standard Class,USCA,West Africa,Fitness,Consumer,2,93.09,0.29,132.19,-0.007,4,1,0,0.3442648968508783
Standard Class,Europe,Western Europe,Office Supplies,Consumer,3,475.76,0.205,1134.69,0.146,4,0,0,0.36530226142834915
Standard Class,Europe,South America,Office Supplies,Consumer,3,102.31,0.349,199.81,0.111,4,1,0,0.3449960453131881
Standard Class,Pacific Asia,Oceania,Beauty,Corporate,3,387.35,0.126,1015.63,0.249,4,0,0,0.40124938484010036
Standard Class,LATAM,Eastern Europe,Apparel,Home Office,2,199.52,0.173,330.01,0.331,4,0,0,0.26573292538403226
Standard Class,USCA,Eastern Europe,Electronics,Corporate,5,276.82,0.327,931.5,0.192,4,0,0,0.4391930330560894
Second Class,Pacific Asia,Western Europe,Electronics,Consumer,4,320.43,0.135,1108.69,0.001,2,0,0,0.4065886738101057
Standard Class,LATAM,West Africa,Fitness,Consumer,4,172.95,0.325,466.96,0.208,4,0,0,0.38796479590502064
Standard Class,LATAM,South America,Electronics,Consumer,5,39.58,0.305,137.54,0.253,4,0,0,0.4129504326450899
First Class,USCA,Southeast Asia,Electronics,Corporate,2,387.15,0.037,745.65,0.223,1,1,1,0.691262100903122
Standard Class,Europe,South America,Office Supplies,Consumer,4,103.48,0.223,321.62,0.293,4,0,0,0.43708070451280506
Second Class,Europe,West Africa,Beauty,Consumer,4,169.88,0.324,459.36,0.083,2,1,1,0.5626567536040817
Standard Class,USCA,West Africa,Apparel,Corporate,1,555.89,0.24,422.48,0.247,4,0,0,0.3601004773309492
Standard Class,USCA,South America,Electronics,Consumer,2,203.1,0.011,401.73,0.227,4,0,0,0.3999070413668847
First Class,Africa,South America,Office Supplies,Corporate,3,324.55,0.203,776.0,0.123,1,1,1,0.8070438558558963
Standard Class,LATAM,Central America,Electronics,Corporate,5,224.83,0.315,770.04,0.099,4,0,0,0.3640266090197783
Standard Class,Europe,Southeast Asia,Office Supplies,Corporate,1,28.34,0.065,26.5,0.201,4,1,0,0.323961152152793
Standard Class,LATAM,Central America,Electronics,Consumer,1,495.67,0.001,495.17,0.35,4,0,0,0.353032608699324
First Class,Pacific Asia,Central America,Electronics,Corporate,2,196.7,0.099,354.45,0.238,1,0,1,0.7904600182779359
First Class,Africa,Western Europe,Fitness,Consumer,5,543.94,0.167,2265.51,-0.1,1,0,1,0.6543930286873137
Standard Class,Africa,South America,Electronics,Corporate,5,199.06,0.177,819.13,0.241,4,0,0,0.4984547786089767
Standard Class,USCA,South America,Office Supplies,Consumer,4,198.33,0.308,548.98,0.136,4,1,0,0.46074659566615794
First Class,LATAM,South America,Furniture,Corporate,2,503.82,0.236,769.84,0.147,1,1,1,0.6281087368319577
Second Class,Pacific Asia,South America,Fitness,Consumer,2,490.58,0.159,825.16,0.078,2,1,0,0.49451142544690363
Standard Class,USCA,Oceania,Furniture,Corporate,4,214.29,0.092,778.3,0.296,4,0,0,0.4069302827865116
Standard Class,Africa,Southeast Asia,Office Supplies,Consumer,2,266.76,0.154,451.36,0.024,4,0,0,0.4490027973204981
Standard Class,USCA,Central America,Fitness,Home Office,4,469.05,0.169,1559.12,0.254,4,1,0,0.3799487420391133
Standard Class,USCA,Western Europe,Fitness,Home Office,4,393.94,0.155,1331.52,0.133,4,0,0,0.3758540066911549
Standard Class,LATAM,Southeast Asia,Fitness,Corporate,4,356.86,0.222,1110.55,0.107,4,0,0,0.403630709356872
Second Class,USCA,Western Europe,Apparel,Consumer,2,114.62,0.322,155.42,0.091,2,1,0,0.4922429201190806
Standard Class,LATAM,Western Europe,Fitness,Corporate,3,553.8,0.013,1639.8,0.046,4,0,0,0.33123479056016
Standard Class,USCA,Western Europe,Office Supplies,Consumer,4,59.09,0.095,213.91,0.095,4,1,0,0.36846944913632823
Standard Class,Europe,Eastern Asia,Beauty,Consumer,2,508.36,0.196,817.44,0.183,4,1,0,0.29784954599730257
Standard Class,Africa,Eastern Europe,Electronics,Corporate,3,392.37,0.335,782.78,0.1,4,1,1,0.5997447645870713
Same Day,LATAM,West Africa,Office Supplies,Corporate,4,400.37,0.284,1146.66,-0.004,0,0,0,0.4327859130319663
First Class,Africa,Southeast Asia,Beauty,Consumer,5,552.94,0.03,2681.76,0.116,1,0,1,0.6874267833692689
Standard Class,Europe,Eastern Asia,Beauty,Home Office,4,487.57,0.309,1347.64,0.071,4,0,0,0.3412978559591605
Second Class,Pacific Asia,Central America,Electronics,Consumer,5,132.59,0.14,570.14,0.127,2,0,1,0.6814015936658785
Standard Class,Africa,Western Europe,Beauty,Consumer,3,125.59,0.242,285.59,0.345,4,0,0,0.44995693478529547
Second Class,Pacific Asia,Eastern Europe,Furniture,Home Office,3,486.09,0.036,1405.77,0.073,2,1,0,0.39145770551751974
Standard Class,LATAM,Eastern Europe,Furniture,Consumer,5,228.49,0.051,1084.19,0.208,4,0,0,0.4617513693010977
Standard Class,Europe,Eastern Asia,Beauty,Consumer,4,559.87,0.229,1726.64,0.173,4,0,0,0.39077711487047856
Standard Class,Africa,South America,Electronics,Consumer,4,549.29,0.102,1973.05,0.262,4,1,1,0.5203030796202579
First Class,Europe,Oceania,Beauty,Consumer,3,262.34,0.224,610.73,0.153,1,0,1,0.6480816166226052
Standard Class,Pacific Asia,Eastern Asia,Fitness,Corporate,3,240.32,0.145,616.42,0.19,4,0,0,0.41684705347923356
Standard Class,Africa,Central America,Furniture,Consumer,5,180.56,0.081,829.67,0.076,4,1,1,0.5120864392071658
Standard Class,Pacific Asia,Eastern Asia,Office Supplies,Corporate,5,284.8,0.223,1106.45,0.098,4,1,0,0.3903243235559926
Standard Class,Europe,Southeast Asia,Electronics,Corporate,4,370.06,0.231,1138.3,0.363,4,1,0,0.32882031733500816
Standard Class,USCA,Eastern Asia,Furniture,Consumer,4,203.43,0.102,730.72,0.099,4,0,0,0.42358102823762284
Standard Class,Pacific Asia,West Africa,Apparel,Consumer,4,146.4,0.178,481.36,0.282,4,0,0,0.4442742244156567
Standard Class,Pacific Asia,Eastern Asia,Furniture,Corporate,2,520.54,0.292,737.08,0.35,4,0,0,0.4291100803770001
Second Class,LATAM,West Africa,Electronics,Consumer,3,581.62,0.131,1516.28,0.153,2,1,1,0.5685252075369364
Second Class,LATAM,Eastern Europe,Apparel,Consumer,4,97.06,0.26,287.3,0.154,2,1,1,0.5340989177343781
Second Class,USCA,Eastern Asia,Fitness,Consumer,2,538.48,0.034,1040.34,0.061,2,1,0,0.4054759467874188
First Class,Pacific Asia,South America,Fitness,Consumer,1,286.98,0.198,230.16,0.157,1,0,1,0.6841515245604923
Standard Class,Pacific Asia,Eastern Europe,Apparel,Corporate,1,378.52,0.036,364.89,0.244,4,0,0,0.3389999209286507
Same Day,Pacific Asia,South America,Fitness,Home Office,2,134.8,0.271,196.54,0.12,0,0,0,0.45126013628608314
Standard Class,USCA,Eastern Asia,Apparel,Consumer,3,146.28,0.203,349.76,0.196,4,0,0,0.3005628827548059
Standard Class,Europe,Central America,Fitness,Home Office,3,190.87,0.226,443.2,0.266,4,0,0,0.2971953263595733
Standard Class,Pacific Asia,Western Europe,Beauty,Consumer,1,441.89,0.17,366.77,0.168,4,1,0,0.3151646430105399
Second Class,Pacific Asia,Southeast Asia,Apparel,Consumer,4,480.51,0.258,1426.15,0.32,2,1,1,0.5865593822271616
Standard Class,USCA,South America,Office Supplies,Consumer,1,311.62,0.139,268.3,0.25,4,0,0,0.333724831769354
Standard Class,USCA,Southeast Asia,Electronics,Consumer,1,400.92,0.222,311.92,0.168,4,1,0,0.3788497299391571
Standard Class,Pacific Asia,West Africa,Electronics,Home Office,1,250.2,0.135,216.42,0.198,4,0,0,0.39321355720664286
First Class,Africa,Central America,Electronics,Consumer,4,240.8,0.072,893.85,0.126,1,0,1,0.7302063688940693
Standard Class,Pacific Asia,Southeast Asia,Apparel,Consumer,2,35.35,0.308,48.92,-0.055,4,0,0,0.41223415573711175
First Class,USCA,Central America,Furniture,Consumer,5,552.6,0.26,2044.62,0.081,1,0,1,0.6330838256273509
First Class,Europe,Oceania,Beauty,Home Office,4,137.67,0.218,430.63,0.168,1,1,1,0.6365572288628425
Second Class,Europe,Southeast Asia,Office Supplies,Corporate,5,212.19,0.047,1011.09,0.349,2,0,0,0.44111980537985573
Standard Class,Pacific Asia,South America,Furniture,Consumer,5,208.84,0.337,692.3,0.26,4,0,0,0.3756984182941555
Standard Class,LATAM,Eastern Asia,Furniture,Home Office,2,258.53,0.088,471.56,0.35,4,0,0,0.24446649152615824
Standard Class,USCA,Eastern Asia,Furniture,Consumer,1,386.7,0.322,262.18,0.181,4,0,0,0.41050344765380986
First Class,LATAM,Central America,Furniture,Consumer,1,274.21,0.036,264.34,0.245,1,0,1,0.6718338602537014
Standard Class,USCA,Eastern Europe,Apparel,Home Office,2,165.22,0.014,325.81,0.139,4,0,0,0.37467216461870656
Standard Class,Europe,Oceania,Office Supplies,Home Office,2,404.44,0.33,541.95,0.117,4,0,0,0.27111952050822546
Standard Class,Africa,Eastern Asia,Beauty,Consumer,1,449.39,0.106,401.75,0.209,4,1,0,0.47834851107862464
Standard Class,Pacific Asia,Eastern Europe,Apparel,Consumer,2,479.73,0.13,834.73,0.08,4,0,0,0.35833562073677205
Same Day,Pacific Asia,Eastern Asia,Apparel,Home Office,5,231.82,0.097,1046.67,0.196,0,0,0,0.42673579260810984
Standard Class,Africa,West Africa,Office Supplies,Consumer,1,589.38,0.144,504.51,-0.076,4,0,0,0.37417587701164196
Standard Class,Pacific Asia,South America,Office Supplies,Corporate,4,506.39,0.157,1707.55,0.212,4,1,0,0.4727280562471475
Standard Class,Pacific Asia,Southeast Asia,Apparel,Consumer,5,349.29,0.263,1287.13,0.164,4,1,0,0.43030281630305633
First Class,Europe,West Africa,Electronics,Corporate,3,287.6,0.255,642.79,0.332,1,1,1,0.6449220320902511
Standard Class,Africa,West Africa,Fitness,Home Office,4,564.99,0.227,1746.95,0.276,4,0,0,0.4341173851933107
Standard Class,LATAM,Eastern Europe,Electronics,Home Office,5,324.2,0.014,1598.31,0.161,4,0,0,0.38153686166779543
Standard Class,Europe,Southeast Asia,Fitness,Consumer,2,375.01,0.006,745.52,0.277,4,0,0,0.30764114864304043
Second Class,LATAM,Eastern Asia,Office Supplies,Consumer,4,153.38,0.089,558.92,0.147,2,0,1,0.5197043794436014
Standard Class,USCA,Eastern Europe,Apparel,Corporate,3,449.55,0.257,1002.05,0.155,4,0,0,0.39807931610608227
First Class,USCA,Southeast Asia,Electronics,Corporate,2,409.02,0.271,596.35,0.224,1,0,1,0.6887610835608744
Second Class,Europe,Eastern Asia,Apparel,Consumer,5,136.34,0.059,641.48,0.119,2,0,1,0.5383152864814889
Same Day,LATAM,South America,Electronics,Corporate,3,485.65,0.218,1139.33,0.138,0,0,0,0.3510918816940787
Standard Class,Pacific Asia,West Africa,Office Supplies,Consumer,4,583.31,0.32,1586.6,0.04,4,0,0,0.4950064812653327
Standard Class,Pacific Asia,West Africa,Apparel,Home Office,3,483.45,0.326,977.54,0.211,4,0,0,0.45777536851556316
Standard Class,Africa,Central America,Office Supplies,Corporate,1,414.83,0.197,333.11,0.202,4,0,0,0.44634641327982066
Standard Class,USCA,Eastern Asia,Furniture,Consumer,5,139.23,0.313,478.26,0.139,4,1,0,0.41247609836740007
Standard Class,Pacific Asia,Central America,Beauty,Consumer,1,517.6,0.167,431.16,0.363,4,0,0,0.3287840928962227
Standard Class,USCA,Southeast Asia,Beauty,Corporate,4,141.42,0.297,397.67,0.377,4,0,0,0.41470158924944517
Second Class,Africa,Oceania,Fitness,Corporate,1,65.43,0.176,53.91,0.275,2,0,0,0.4215574220145054
Standard Class,Pacific Asia,Western Europe,Beauty,Consumer,2,88.62,0.064,165.9,0.103,4,0,0,0.30871832913973374
First Class,Europe,Southeast Asia,Electronics,Consumer,1,108.77,0.21,85.93,0.0,1,1,0,0.48377057311405297
Standard Class,Pacific Asia,Eastern Asia,Beauty,Consumer,1,369.83,0.264,272.19,0.111,4,0,0,0.37815901088692533
Standard Class,LATAM,Southeast Asia,Office Supplies,Home Office,3,233.7,0.179,575.6,0.245,4,1,0,0.32073928851747174
Standard Class,USCA,Western Europe,Beauty,Consumer,1,161.28,0.07,149.99,0.159,4,0,0,0.36105451138662203
Standard Class,Pacific Asia,Eastern Europe,Electronics,Consumer,3,577.24,0.348,1129.08,0.273,4,1,0,0.3559415922779639
First Class,LATAM,Southeast Asia,Furniture,Consumer,3,566.83,0.148,1448.82,0.149,1,0,1,0.7461280336836452
First Class,Pacific Asia,Eastern Europe,Apparel,Consumer,1,496.91,0.164,415.42,0.272,1,1,1,0.7632159066413818
First Class,LATAM,Western Europe,Office Supplies,Consumer,4,377.22,0.114,1336.87,0.149,1,0,1,0.6804098249361367
Standard Class,Pacific Asia,Oceania,Fitness,Consumer,2,492.93,0.077,909.95,-0.1,4,1,0,0.358771458187584
First Class,USCA,Oceania,Beauty,Home Office,5,75.84,0.096,342.8,0.362,1,0,1,0.5786822968912362
Standard Class,Pacific Asia,Central America,Electronics,Corporate,4,524.83,0.022,2053.13,0.148,4,0,0,0.399932762450268
First Class,Europe,Eastern Europe,Apparel,Home Office,3,222.7,0.054,632.02,0.268,1,1,1,0.6388015240946657
Standard Class,USCA,Eastern Europe,Beauty,Home Office,3,428.24,0.217,1005.94,0.291,4,1,0,0.30653635501371435
Second Class,Pacific Asia,Eastern Asia,Beauty,Corporate,4,45.08,0.082,165.53,0.252,2,1,1,0.5265679072075625
Standard Class,Africa,Western Europe,Furniture,Consumer,4,364.22,0.235,1114.51,0.362,4,0,1,0.5387737020638709
First Class,LATAM,Eastern Europe,Fitness,Home Office,1,308.46,0.019,302.6,0.057,1,0,1,0.6039877170435112
Standard Class,Europe,Oceania,Beauty,Consumer,5,533.36,0.012,2634.8,0.081,4,0,0,0.33845408559093637
First Class,Pacific Asia,Oceania,Office Supplies,Consumer,2,146.17,0.081,268.66,0.212,1,1,1,0.7195283150755011
Standard Class,USCA,South America,Electronics,Corporate,2,86.96,0.301,121.57,0.188,4,0,0,0.3066325918010266
Standard Class,LATAM,South America,Electronics,Home Office,1,481.11,0.252,359.87,0.089,4,0,0,0.38581720515503004
Standard Class,Pacific Asia,Eastern Europe,Apparel,Consumer,3,236.95,0.036,685.26,0.271,4,0,0,0.3246127225062193
Standard Class,USCA,Western Europe,Office Supplies,Corporate,3,261.74,0.214,617.18,0.199,4,0,0,0.32813155854170173
Standard Class,Europe,Oceania,Electronics,Consumer,4,26.03,0.178,85.59,0.146,4,0,0,0.2868846242043319
Standard Class,Europe,Southeast Asia,Beauty,Consumer,2,473.99,0.023,926.18,-0.1,4,0,0,0.32226501574873045
Second Class,Africa,Eastern Europe,Fitness,Consumer,4,500.57,0.003,1996.27,0.153,2,0,1,0.5734473954395827
Standard Class,Pacific Asia,South America,Fitness,Consumer,3,162.18,0.263,358.58,0.055,4,1,0,0.39248211547184153
Standard Class,USCA,Western Europe,Fitness,Home Office,5,549.17,0.258,2037.42,0.233,4,1,0,0.43780620538075427
Same Day,Pacific Asia,Eastern Europe,Fitness,Consumer,4,416.82,0.307,1155.43,0.189,0,1,0,0.4441843393754326
Standard Class,USCA,Oceania,Office Supplies,Corporate,4,243.83,0.248,733.44,0.259,4,0,0,0.37621229344337787
Standard Class,LATAM,Western Europe,Furniture,Corporate,4,230.46,0.175,760.52,0.27,4,0,0,0.3579886849717708
Standard Class,Africa,South America,Office Supplies,Consumer,5,388.47,0.329,1303.32,0.158,4,1,0,0.4956986744087998
First Class,Pacific Asia,South America,Furniture,Home Office,1,596.35,0.052,565.34,0.256,1,1,1,0.6400239784715496
Standard Class,LATAM,Eastern Asia,Office Supplies,Consumer,2,457.95,0.024,893.92,0.041,4,0,0,0.29001830443780063
Standard Class,USCA,South America,Beauty,Consumer,5,211.72,0.332,707.14,0.329,4,1,0,0.39100281694988404
Standard Class,Africa,Eastern Asia,Apparel,Corporate,1,316.23,0.069,294.41,0.2,4,0,0,0.3953176755291654
Standard Class,LATAM,Oceania,Beauty,Consumer,2,402.52,0.305,559.5,0.256,4,1,0,0.3533277981287547
Second Class,Europe,Central America,Furniture,Consumer,3,155.02,0.098,419.48,0.233,2,0,0,0.4788710239964352
First Class,LATAM,West Africa,Office Supplies,Corporate,1,372.7,0.136,322.01,0.298,1,1,1,0.711346788648358
Second Class,Europe,South America,Electronics,Corporate,1,245.44,0.022,240.04,0.287,2,0,0,0.35768147822171953
First Class,Europe,Western Europe,Furniture,Consumer,2,250.12,0.027,486.73,0.121,1,0,1,0.6144371718057312
Standard Class,Africa,Southeast Asia,Furniture,Consumer,4,294.18,0.159,989.62,0.32,4,0,1,0.5682099557120671
Standard Class,Pacific Asia,Central America,Beauty,Consumer,1,334.49,0.151,283.98,0.269,4,0,0,0.3900205453751868
Standard Class,USCA,Eastern Asia,Electronics,Consumer,5,478.14,0.265,1757.16,0.191,4,0,0,0.3954431175582473
Standard Class,USCA,South America,Furniture,Consumer,3,408.3,0.153,1037.49,0.258,4,0,0,0.29796775572843065
Standard Class,Africa,South America,Office Supplies,Consumer,1,299.13,0.258,221.95,0.025,4,0,1,0.5124296711018714
First Class,Pacific Asia,Eastern Europe,Beauty,Consumer,1,526.3,0.314,361.04,0.192,1,1,1,0.76392996029225
Second Class,USCA,Eastern Asia,Furniture,Corporate,4,534.14,0.143,1831.03,0.33,2,1,1,0.5039346191190787
Second Class,Europe,Southeast Asia,Apparel,Home Office,5,443.94,0.235,1698.07,0.169,2,0,0,0.4088432235263892
Second Class,Europe,Oceania,Electronics,Corporate,5,524.06,0.216,2054.32,0.043,2,0,0,0.361786558974218
Standard Class,USCA,Oceania,Office Supplies,Corporate,1,332.19,0.126,290.33,-0.056,4,1,0,0.3187249345062875
Standard Class,LATAM,Eastern Asia,Electronics,Consumer,5,397.96,0.132,1727.15,0.226,4,0,0,0.4544529987105941
Standard Class,Europe,Central America,Office Supplies,Corporate,5,196.8,0.126,860.02,0.325,4,0,0,0.3239344650257931
Second Class,LATAM,Central America,Furniture,Consumer,2,150.48,0.067,280.8,0.231,2,0,0,0.4681114015742866
Standard Class,Europe,South America,Electronics,Corporate,2,322.29,0.298,452.5,0.262,4,1,0,0.3178302183430765
Standard Class,Africa,Central America,Apparel,Home Office,1,465.9,0.11,414.65,0.071,4,0,0,0.4754975259862079
Standard Class,Pacific Asia,Central America,Electronics,Consumer,4,586.79,0.321,1593.72,0.163,4,1,0,0.4262683972939246
First Class,Pacific Asia,Eastern Asia,Beauty,Consumer,5,248.26,0.128,1082.41,0.205,1,1,1,0.6973549052540609
Second Class,Pacific Asia,Oceania,Apparel,Consumer,1,511.65,0.265,376.06,0.24,2,1,1,0.572256942442851
Standard Class,LATAM,West Africa,Electronics,Consumer,3,579.65,0.131,1511.15,0.366,4,0,0,0.2234643516064669
Standard Class,LATAM,Eastern Europe,Beauty,Consumer,2,286.13,0.071,531.63,0.091,4,0,0,0.27575036099091166
First Class,Europe,Southeast Asia,Fitness,Consumer,4,547.93,0.236,1674.47,0.264,1,0,1,0.7012386761470085
First Class,Africa,South America,Apparel,Consumer,1,544.48,0.197,437.22,0.173,1,0,1,0.7430930109681434
First Class,LATAM,Western Europe,Apparel,Consumer,2,333.58,0.149,567.75,0.149,1,0,1,0.7120725943157779
Standard Class,USCA,Central America,Fitness,Consumer,2,326.25,0.282,468.5,0.104,4,0,0,0.3483124737786454
First Class,Africa,Central America,Office Supplies,Consumer,3,434.02,0.184,1062.48,0.333,1,0,1,0.7274554910560297
First Class,Pacific Asia,West Africa,Furniture,Consumer,5,89.78,0.228,346.55,0.236,1,0,1,0.6925734690853962
Standard Class,USCA,Eastern Asia,Apparel,Consumer,1,96.69,0.084,88.57,0.152,4,1,0,0.3850462729941167
Standard Class,USCA,Central America,Fitness,Consumer,4,92.31,0.119,325.3,0.234,4,0,0,0.4038899659686659
First Class,Pacific Asia,Western Europe,Apparel,Home Office,1,320.36,0.113,284.16,0.218,1,1,1,0.7064429327754729
Standard Class,Europe,Western Europe,Electronics,Consumer,2,478.97,0.344,628.41,0.019,4,0,0,0.24574329543144963
Standard Class,Pacific Asia,Southeast Asia,Apparel,Consumer,4,142.1,0.29,403.56,0.201,4,1,0,0.44176375566597664
First Class,LATAM,Eastern Asia,Apparel,Corporate,2,296.66,0.164,496.02,0.354,1,1,1,0.611772882168896
First Class,Pacific Asia,Central America,Office Supplies,Corporate,1,460.83,0.236,352.07,0.171,1,1,1,0.6641908869606219
Standard Class,USCA,West Africa,Fitness,Corporate,1,390.62,0.344,256.25,0.217,4,0,0,0.37206378382119465
Standard Class,LATAM,South America,Electronics,Consumer,5,507.65,0.176,2091.52,0.173,4,0,0,0.4358389268283493
Second Class,Pacific Asia,Southeast Asia,Furniture,Consumer,1,595.44,0.135,515.06,0.261,2,1,0,0.4568294396120929
Same Day,Pacific Asia,Oceania,Furniture,Consumer,4,376.99,0.089,1373.75,0.427,0,0,0,0.43909788228053975
Standard Class,USCA,Eastern Europe,Office Supplies,Consumer,2,167.02,0.216,261.89,0.12,4,0,0,0.3488710770636632
Standard Class,Europe,South America,Apparel,Consumer,3,391.58,0.044,1123.05,0.217,4,1,0,0.28122281576413644
Second Class,LATAM,Oceania,Beauty,Home Office,5,458.68,0.334,1527.4,0.26,2,0,1,0.5711147999061729
First Class,USCA,Southeast Asia,Electronics,Consumer,3,427.91,0.321,871.65,0.212,1,0,1,0.671617219179149
Standard Class,USCA,Western Europe,Fitness,Corporate,4,349.29,0.07,1299.36,0.181,4,1,0,0.3475671660052582
First Class,USCA,Eastern Asia,Apparel,Consumer,5,352.57,0.169,1464.93,0.27,1,1,1,0.6918805905433151
First Class,Africa,South America,Furniture,Consumer,5,107.78,0.267,395.01,0.282,1,0,1,0.6821305275514936
First Class,USCA,South America,Office Supplies,Home Office,1,561.6,0.315,384.7,0.111,1,1,0,0.4754452825738719
Second Class,Pacific Asia,Eastern Europe,Fitness,Home Office,2,254.15,0.312,349.71,0.252,2,1,0,0.4882683001758783
Standard Class,LATAM,Western Europe,Furniture,Consumer,2,572.15,0.278,826.18,0.012,4,0,0,0.3565982812325251
Second Class,Europe,West Africa,Office Supplies,Consumer,4,384.27,0.075,1421.8,0.211,2,0,1,0.553341095767742
Standard Class,USCA,Eastern Europe,Beauty,Corporate,2,553.04,0.002,1103.87,0.217,4,0,0,0.381435365957862
Standard Class,Pacific Asia,South America,Office Supplies,Consumer,2,294.33,0.102,528.62,0.05,4,0,0,0.3306598922022258
Same Day,USCA,Eastern Europe,Apparel,Consumer,5,209.03,0.125,914.51,0.119,0,1,0,0.3715506260495325
First Class,Pacific Asia,Central America,Furniture,Corporate,5,466.11,0.152,1976.31,0.178,1,1,1,0.6762405683233303
Second Class,Pacific Asia,South America,Apparel,Consumer,3,594.14,0.107,1591.7,0.118,2,0,0,0.48397973242500203
Second Class,USCA,Central America,Fitness,Corporate,2,21.66,0.341,28.55,0.145,2,0,0,0.35271269904842345
Second Class,Europe,Southeast Asia,Apparel,Home Office,4,54.31,0.192,175.53,0.277,2,1,0,0.48136365631174477
First Class,Pacific Asia,Western Europe,Furniture,Consumer,1,465.7,0.106,416.34,0.18,1,0,1,0.7708841315012446
First Class,USCA,Oceania,Furniture,Consumer,3,252.02,0.122,663.82,0.288,1,1,1,0.7257833699778885
Standard Class,Africa,Oceania,Apparel,Consumer,2,275.48,0.021,539.39,0.187,4,1,0,0.41372099458165035
Standard Class,Africa,Oceania,Office Supplies,Home Office,3,508.42,0.149,1298.0,0.176,4,0,0,0.4446409001804723
Second Class,Africa,Eastern Europe,Apparel,Home Office,1,41.77,0.258,30.99,0.018,2,1,0,0.4921048401742861
Same Day,Pacific Asia,Southeast Asia,Fitness,Consumer,5,113.25,0.045,540.77,0.136,0,0,0,0.4566020354174178
Second Class,LATAM,South America,Apparel,Consumer,2,511.98,0.014,1009.62,0.307,2,0,0,0.4500282126638287
Standard Class,LATAM,Eastern Asia,Electronics,Home Office,3,168.19,0.29,358.24,0.1,4,0,0,0.3553862407976501
Second Class,Africa,Southeast Asia,Apparel,Home Office,3,403.57,0.127,1056.95,0.133,2,0,1,0.658229687720309
Standard Class,LATAM,South America,Fitness,Consumer,5,367.8,0.015,1811.42,0.222,4,0,0,0.39917067327448563
Standard Class,LATAM,Southeast Asia,Furniture,Consumer,2,347.29,0.235,531.35,0.303,4,0,0,0.34787943696323337
Standard Class,Europe,Southeast Asia,Furniture,Home Office,5,70.35,0.336,233.56,0.168,4,1,0,0.3840733402737522
First Class,Pacific Asia,South America,Fitness,Consumer,5,357.96,0.271,1304.76,0.212,1,0,1,0.7500625679436222
Standard Class,LATAM,Eastern Europe,Beauty,Consumer,5,545.62,0.25,2046.07,0.183,4,0,0,0.45196464783595236
Second Class,USCA,Western Europe,Beauty,Consumer,5,240.17,0.161,1007.51,0.142,2,1,1,0.5775746311245062
Standard Class,LATAM,South America,Electronics,Consumer,3,263.66,0.223,614.59,0.254,4,0,0,0.35132190452917395
Second Class,USCA,Eastern Asia,Beauty,Corporate,1,472.5,0.123,414.38,0.27,2,1,0,0.43638512082100805
Second Class,USCA,Oceania,Furniture,Consumer,4,72.15,0.332,192.78,-0.034,2,0,0,0.33495234097583193
Second Class,LATAM,Western Europe,Fitness,Consumer,2,422.86,0.086,772.99,-0.069,2,0,0,0.32815762593373227
Standard Class,Europe,South America,Apparel,Consumer,1,237.89,0.195,191.5,0.248,4,0,0,0.34441785743418857
First Class,LATAM,Eastern Europe,Apparel,Corporate,4,76.81,0.26,227.36,-0.048,1,0,1,0.6162584344990301
Second Class,USCA,Southeast Asia,Fitness,Consumer,3,306.66,0.008,912.62,0.164,2,1,0,0.4316161207579617
Second Class,LATAM,West Africa,Beauty,Consumer,1,534.77,0.333,356.69,-0.033,2,0,0,0.4932694788668088
Same Day,Europe,Eastern Asia,Fitness,Consumer,5,294.64,0.175,1215.39,0.181,0,0,0,0.44391470287253526
Standard Class,LATAM,Central America,Office Supplies,Consumer,5,195.05,0.116,862.12,0.223,4,0,0,0.37063573230478736
Standard Class,LATAM,Western Europe,Fitness,Home Office,2,554.87,0.248,834.52,0.173,4,0,0,0.25915972151587874
Standard Class,Europe,South America,Beauty,Consumer,2,206.74,0.188,335.75,0.162,4,0,0,0.2965120881296274
Second Class,USCA,West Africa,Office Supplies,Consumer,3,107.59,0.302,225.29,0.295,2,0,1,0.5309309147930568
Standard Class,Europe,Eastern Asia,Beauty,Corporate,2,347.59,0.303,484.54,0.235,4,0,0,0.3178101568191336
First Class,Africa,Western Europe,Furniture,Home Office,2,487.0,0.163,815.24,0.241,1,0,1,0.7046010232587515
Standard Class,Africa,Southeast Asia,Apparel,Consumer,5,390.92,0.228,1508.95,0.216,4,0,1,0.5348469842617364
Same Day,LATAM,Oceania,Apparel,Consumer,1,188.68,0.161,158.3,0.214,0,0,0,0.4216157015378057
Second Class,USCA,South America,Beauty,Consumer,4,67.78,0.261,200.36,0.22,2,1,1,0.5543692813177933
Second Class,LATAM,West Africa,Apparel,Consumer,1,327.22,0.02,320.68,0.087,2,0,1,0.5376730284824808
Standard Class,Pacific Asia,Southeast Asia,Fitness,Consumer,5,145.09,0.156,612.28,0.101,4,0,0,0.40753540157178586
Standard Class,LATAM,Eastern Europe,Apparel,Consumer,1,47.15,0.093,42.77,0.098,4,1,0,0.3623615150712347
Second Class,Europe,Eastern Europe,Furniture,Consumer,5,536.43,0.181,2196.68,0.017,2,0,0,0.4133925440741206
Same Day,Pacific Asia,South America,Beauty,Consumer,3,395.66,0.244,897.36,0.429,0,1,0,0.32377649272948983
Standard Class,Pacific Asia,West Africa,Office Supplies,Consumer,2,502.71,0.345,658.55,0.247,4,0,0,0.457161130075128
First Class,LATAM,Eastern Europe,Office Supplies,Home Office,5,397.85,0.068,1853.98,0.106,1,1,1,0.6645979851285273
Second Class,LATAM,West Africa,Fitness,Corporate,2,151.03,0.085,276.38,0.074,2,0,1,0.5008302771700239
Standard Class,Europe,Central America,Furniture,Corporate,3,103.18,0.276,224.11,0.21,4,0,0,0.36236416517309866
Standard Class,Europe,Western Europe,Beauty,Corporate,5,26.62,0.046,126.98,0.154,4,0,0,0.39540605489092345
Second Class,Europe,South America,Office Supplies,Consumer,3,434.95,0.031,1264.4,0.113,2,1,1,0.5089558875487267
Standard Class,LATAM,Eastern Asia,Electronics,Consumer,5,363.78,0.114,1611.55,0.18,4,0,0,0.46439013416870845
Standard Class,USCA,Oceania,Furniture,Corporate,1,542.14,0.342,356.73,0.187,4,0,0,0.4640915651906542
Standard Class,LATAM,Oceania,Furniture,Corporate,4,349.87,0.064,1309.91,0.144,4,0,0,0.3610383912513723
Standard Class,USCA,Central America,Office Supplies,Consumer,5,372.83,0.186,1517.42,0.18,4,0,0,0.41942661049305696
Standard Class,USCA,Eastern Asia,Fitness,Consumer,4,443.35,0.017,1743.25,0.188,4,1,0,0.42012999036234655
Second Class,LATAM,Southeast Asia,Fitness,Home Office,4,204.77,0.19,663.45,0.177,2,0,1,0.57863474361345
Second Class,Europe,Western Europe,Office Supplies,Consumer,4,545.82,0.026,2126.51,0.294,2,0,0,0.4084721000221588
Standard Class,Pacific Asia,Central America,Electronics,Corporate,3,165.02,0.118,436.64,0.135,4,0,0,0.4093769885361609
Standard Class,Europe,Southeast Asia,Fitness,Consumer,5,554.71,0.128,2418.54,0.227,4,0,0,0.2549663966673906
First Class,Europe,Oceania,Apparel,Consumer,1,213.38,0.001,213.17,0.199,1,1,0,0.45991083563928603
First Class,Pacific Asia,Western Europe,Fitness,Consumer,3,230.62,0.142,593.62,0.157,1,1,1,0.6980747464537923
Standard Class,Africa,Eastern Europe,Apparel,Consumer,4,486.07,0.094,1761.52,0.104,4,0,1,0.5355672703209896
First Class,Pacific Asia,Western Europe,Office Supplies,Consumer,2,402.81,0.238,613.88,0.248,1,1,1,0.6014563384635578
Second Class,USCA,Eastern Asia,Apparel,Home Office,1,76.3,0.053,72.26,0.132,2,1,0,0.36863304243755685
First Class,Europe,Eastern Asia,Office Supplies,Consumer,3,383.3,0.124,1007.31,0.413,1,1,1,0.6483506131187922
Standard Class,Pacific Asia,Western Europe,Furniture,Corporate,2,264.88,0.157,446.59,0.238,4,0,0,0.32793783452153713
First Class,Europe,Southeast Asia,Office Supplies,Consumer,2,92.72,0.088,169.12,0.236,1,0,1,0.5664992563202277
Standard Class,LATAM,Eastern Asia,Office Supplies,Consumer,3,581.7,0.197,1401.32,-0.068,4,0,0,0.3120262960784279
Same Day,LATAM,West Africa,Fitness,Consumer,1,362.61,0.025,353.54,0.068,0,1,0,0.4695111071696666
First Class,LATAM,South America,Electronics,Consumer,1,592.42,0.268,433.65,0.184,1,1,1,0.6190756369349367
Standard Class,Africa,Oceania,Fitness,Consumer,3,332.41,0.219,778.84,0.039,4,1,0,0.4629798095963495
Standard Class,USCA,Oceania,Furniture,Consumer,4,328.98,0.03,1276.44,0.064,4,0,0,0.40412171563614574
Standard Class,USCA,Central America,Office Supplies,Consumer,2,475.14,0.292,672.8,0.18,4,0,0,0.35545725517401633
Standard Class,Pacific Asia,Central America,Furniture,Corporate,3,544.29,0.108,1456.52,0.087,4,0,0,0.44630078526821587
Standard Class,Africa,Central America,Electronics,Consumer,1,581.18,0.335,386.48,0.194,4,0,0,0.4230458238164086
Same Day,Europe,Central America,Fitness,Corporate,3,233.61,0.285,501.09,0.233,0,0,0,0.4151381783421057
Standard Class,Africa,South America,Office Supplies,Consumer,2,510.02,0.122,895.6,0.127,4,1,0,0.4071299668815688
First Class,Pacific Asia,Eastern Asia,Apparel,Consumer,2,365.72,0.248,550.04,0.144,1,0,1,0.6448913488943019
Standard Class,Europe,Southeast Asia,Fitness,Corporate,2,232.62,0.214,365.68,0.329,4,0,0,0.2371404108404437
First Class,Europe,South America,Furniture,Corporate,5,153.19,0.272,557.61,0.175,1,0,1,0.6504397520534372
Second Class,Pacific Asia,South America,Fitness,Consumer,2,573.83,0.232,881.4,-0.053,2,1,0,0.2669634547306158
Standard Class,Pacific Asia,Eastern Asia,Electronics,Consumer,5,557.12,0.256,2072.49,0.209,4,1,0,0.423108758141009
Standard Class,USCA,Western Europe,Apparel,Consumer,2,227.94,0.31,314.56,0.14,4,0,0,0.3604996572176383
Second Class,USCA,Central America,Furniture,Consumer,2,232.59,0.146,397.26,-0.011,2,0,0,0.38291076345626407
Standard Class,USCA,Southeast Asia,Apparel,Corporate,2,433.45,0.03,840.89,0.063,4,0,0,0.37419528165261695
Second Class,Pacific Asia,Central America,Electronics,Consumer,3,213.14,0.304,445.04,0.19,2,1,1,0.5867487773374326
Standard Class,Europe,Eastern Europe,Fitness,Home Office,5,563.97,0.149,2399.69,0.146,4,1,0,0.33569464670149707
Standard Class,Africa,Eastern Europe,Furniture,Consumer,3,196.1,0.012,581.24,0.136,4,0,0,0.433572051516075
Standard Class,LATAM,Eastern Europe,Beauty,Consumer,4,437.95,0.243,1326.11,0.428,4,0,0,0.3043164101229906
Standard Class,Pacific Asia,Central America,Apparel,Consumer,5,370.82,0.126,1620.48,0.161,4,0,0,0.43067650708765365
Second Class,USCA,Central America,Office Supplies,Home Office,1,401.56,0.293,283.9,0.252,2,0,0,0.4889736603140282
Standard Class,Pacific Asia,Oceania,Beauty,Consumer,3,72.25,0.032,209.81,0.22,4,0,0,0.32446412863829416
Second Class,Europe,Central America,Beauty,Consumer,3,569.89,0.337,1133.51,0.062,2,0,0,0.4618931418837829
Standard Class,USCA,West Africa,Furniture,Consumer,5,271.39,0.204,1080.13,0.14,4,1,0,0.38372632426966
Standard Class,USCA,Oceania,Fitness,Corporate,5,81.39,0.176,335.33,0.225,4,0,0,0.3637500907914579
Standard Class,Pacific Asia,Eastern Europe,Apparel,Corporate,5,430.67,0.152,1826.04,-0.033,4,1,0,0.4442473952298848
Standard Class,USCA,Oceania,Apparel,Consumer,2,163.33,0.077,301.51,0.079,4,0,0,0.3087445347821621
Standard Class,Europe,Central America,Furniture,Corporate,4,277.31,0.27,809.75,0.138,4,0,0,0.42066835007425746
Standard Class,Africa,Southeast Asia,Furniture,Consumer,4,314.94,0.066,1176.62,0.256,4,0,1,0.5795789857372776
Same Day,Pacific Asia,Southeast Asia,Electronics,Home Office,3,271.97,0.335,542.58,0.363,0,1,0,0.41755110653517863
Second Class,Pacific Asia,Eastern Asia,Furniture,Consumer,3,40.66,0.045,116.49,0.033,2,1,0,0.3975405524310374
Second Class,LATAM,Central America,Office Supplies,Consumer,4,460.91,0.195,1484.13,0.283,2,1,1,0.5608167793433135
Standard Class,LATAM,Oceania,Electronics,Corporate,4,525.88,0.173,1739.61,0.172,4,0,0,0.3479041674743444
Standard Class,LATAM,West Africa,Beauty,Consumer,2,319.39,0.073,592.15,0.196,4,0,0,0.2560190013801361
Standard Class,Pacific Asia,Western Europe,Electronics,Consumer,1,66.08,0.064,61.85,0.027,4,0,0,0.2540079523083142
Standard Class,USCA,South America,Furniture,Corporate,4,431.92,0.143,1480.62,0.19,4,0,0,0.4649067297770372
First Class,Africa,Oceania,Electronics,Consumer,5,431.33,0.282,1548.47,0.152,1,1,1,0.6492276408858856
Standard Class,Pacific Asia,West Africa,Electronics,Home Office,4,460.33,0.285,1316.54,0.138,4,1,0,0.4564885853748013
Second Class,USCA,Eastern Europe,Apparel,Consumer,4,214.1,0.344,561.8,0.11,2,0,1,0.5576237238187327
Second Class,USCA,Eastern Europe,Furniture,Corporate,3,346.34,0.21,820.83,0.282,2,1,0,0.4696909819517572
Standard Class,Africa,Oceania,Electronics,Corporate,1,534.54,0.277,386.47,0.139,4,1,0,0.4424814338901395
First Class,LATAM,Western Europe,Furniture,Corporate,1,548.45,0.301,383.37,0.277,1,1,1,0.6553575085046437
Standard Class,Africa,Central America,Office Supplies,Consumer,1,30.88,0.102,27.73,0.085,4,1,0,0.39984502372242087
Standard Class,LATAM,West Africa,Office Supplies,Corporate,4,456.52,0.05,1734.78,0.153,4,1,0,0.3485588001564839
First Class,LATAM,West Africa,Apparel,Corporate,1,139.78,0.338,92.53,0.074,1,1,1,0.7495702169443393
Standard Class,Pacific Asia,West Africa,Office Supplies,Consumer,4,137.86,0.221,429.57,0.165,4,0,0,0.46826471053696744
Standard Class,USCA,West Africa,Office Supplies,Consumer,5,134.75,0.274,489.14,0.135,4,0,0,0.3961332662882259
Second Class,USCA,Oceania,Fitness,Consumer,5,362.26,0.177,1490.7,0.167,2,0,1,0.5395283533225097
Standard Class,LATAM,Western Europe,Beauty,Home Office,1,485.15,0.301,339.12,0.297,4,0,0,0.3721845099037368
Standard Class,Africa,Southeast Asia,Electronics,Home Office,5,403.13,0.145,1723.38,0.1,4,1,0,0.3896801192147601
Standard Class,Europe,South America,Apparel,Corporate,4,298.16,0.083,1093.65,0.201,4,0,0,0.3228859035266813
Standard Class,USCA,Eastern Europe,Apparel,Consumer,3,69.14,0.34,136.9,0.168,4,1,0,0.3626384102287687
Standard Class,LATAM,Eastern Europe,Fitness,Consumer,1,90.37,0.149,76.9,0.197,4,1,0,0.3128299428975514
Same Day,LATAM,Oceania,Beauty,Consumer,4,454.79,0.22,1418.94,0.253,0,0,0,0.38706639976467294
Standard Class,Europe,Eastern Europe,Electronics,Home Office,2,484.42,0.153,820.61,0.132,4,1,0,0.2556774504292511
Second Class,USCA,Eastern Europe,Beauty,Corporate,3,33.84,0.061,95.33,0.133,2,1,0,0.48591176112975604
Second Class,USCA,Southeast Asia,Electronics,Consumer,3,359.97,0.247,813.17,0.127,2,0,1,0.5453399150296385
Standard Class,Africa,Eastern Asia,Furniture,Consumer,2,519.05,0.134,898.99,0.366,4,0,0,0.42943536341549277
Standard Class,LATAM,Oceania,Beauty,Home Office,1,44.47,0.253,33.22,0.054,4,0,0,0.37254264752953853
Second Class,Pacific Asia,West Africa,Apparel,Corporate,3,384.19,0.042,1104.16,0.111,2,1,1,0.6134052372905645
Standard Class,Europe,Central America,Apparel,Consumer,1,357.77,0.324,241.85,0.166,4,1,0,0.2991162645568004
Standard Class,LATAM,Western Europe,Fitness,Consumer,3,432.55,0.022,1269.1,0.119,4,1,0,0.35779058778529976
Standard Class,USCA,West Africa,Office Supplies,Corporate,3,526.11,0.078,1455.22,-0.1,4,0,0,0.4074532155925964
Standard Class,Pacific Asia,Southeast Asia,Apparel,Corporate,1,595.64,0.166,496.76,0.305,4,0,0,0.2486778058058745
Second Class,USCA,Western Europe,Beauty,Corporate,1,342.77,0.247,258.11,0.071,2,1,0,0.4908692169743604
Standard Class,Africa,Eastern Asia,Fitness,Corporate,2,68.42,0.296,96.34,0.077,4,0,1,0.5307391651383331
Standard Class,USCA,Western Europe,Fitness,Consumer,3,427.91,0.322,870.37,0.069,4,0,0,0.2843200977964236
First Class,USCA,Eastern Asia,Electronics,Consumer,3,394.07,0.004,1177.48,-0.004,1,0,1,0.6693466881703338
Standard Class,USCA,West Africa,Fitness,Consumer,4,171.69,0.289,488.29,0.214,4,0,0,0.38748768926379845
Standard Class,Pacific Asia,Oceania,Electronics,Consumer,1,378.85,0.308,262.16,0.291,4,0,0,0.3250610892505189
Standard Class,LATAM,South America,Office Supplies,Consumer,2,173.37,0.343,227.81,0.231,4,1,0,0.31297233507751976
Standard Class,Pacific Asia,West Africa,Apparel,Home Office,4,101.66,0.185,331.41,-0.0,4,1,1,0.515483935939972
Standard Class,LATAM,Western Europe,Office Supplies,Corporate,5,382.09,0.103,1713.67,-0.033,4,0,0,0.42786755888833117
Standard Class,Pacific Asia,Central America,Fitness,Consumer,5,562.22,0.064,2631.19,0.303,4,1,0,0.43615745509116777
First Class,Africa,Central America,Office Supplies,Home Office,3,458.39,0.348,896.61,0.432,1,1,1,0.6657807974813117
Same Day,Africa,South America,Furniture,Corporate,2,597.42,0.221,930.78,0.083,0,0,0,0.38810129537343346
Standard Class,USCA,Western Europe,Furniture,Corporate,5,353.86,0.016,1740.99,0.045,4,0,0,0.4348376834234638
First Class,Europe,South America,Fitness,Home Office,1,231.87,0.122,203.58,0.3,1,0,1,0.5767551536033219
Standard Class,USCA,Eastern Europe,Fitness,Consumer,3,578.85,0.31,1198.22,0.234,4,1,0,0.3235987325413629
Second Class,Europe,West Africa,Furniture,Consumer,1,528.17,0.229,407.22,0.305,2,0,1,0.5358865306531105
Standard Class,Pacific Asia,Eastern Europe,Office Supplies,Corporate,3,444.25,0.059,1254.12,0.072,4,0,0,0.30507585051349
First Class,Africa,Oceania,Fitness,Consumer,2,188.47,0.271,274.79,0.134,1,1,1,0.695081024544975
Second Class,USCA,Eastern Asia,Apparel,Home Office,2,501.62,0.182,820.65,0.142,2,1,0,0.4189534160552876
Standard Class,Africa,Central America,Fitness,Corporate,4,258.1,0.267,756.75,0.094,4,0,1,0.5781764357177912
First Class,Europe,West Africa,Electronics,Consumer,4,564.9,0.239,1719.56,0.204,1,1,1,0.5786249467947593
Second Class,USCA,Western Europe,Beauty,Consumer,3,111.57,0.065,312.95,0.134,2,0,1,0.5435147029521763
Standard Class,LATAM,West Africa,Electronics,Corporate,2,373.18,0.05,709.04,0.33,4,0,0,0.2385371451762484
Standard Class,Europe,West Africa,Office Supplies,Corporate,5,354.2,0.262,1307.0,0.29,4,0,0,0.38115404222847843
Standard Class,Europe,Central America,Apparel,Consumer,3,343.16,0.143,882.26,0.125,4,1,0,0.24011118068461504
Second Class,USCA,Central America,Fitness,Home Office,5,226.73,0.087,1035.02,0.27,2,0,1,0.6032694744713696
Standard Class,Africa,West Africa,Furniture,Consumer,4,519.27,0.14,1786.29,0.435,4,0,0,0.39914681481495096
First Class,Africa,Eastern Asia,Apparel,Consumer,5,153.44,0.092,696.62,0.116,1,1,1,0.6970537545023455
First Class,USCA,Eastern Europe,Electronics,Consumer,5,143.76,0.106,642.61,0.154,1,1,1,0.688187229499762
Standard Class,USCA,Southeast Asia,Furniture,Consumer,4,400.26,0.123,1404.11,-0.023,4,0,0,0.4742782764911708
First Class,LATAM,Eastern Asia,Beauty,Home Office,5,518.1,0.304,1802.99,0.053,1,0,1,0.677996937105027
Second Class,USCA,Western Europe,Fitness,Consumer,2,215.22,0.123,377.5,0.215,2,0,1,0.5019080988868452
Second Class,USCA,Oceania,Furniture,Home Office,1,262.42,0.138,226.21,0.09,2,1,0,0.47783181919717166
Second Class,USCA,Eastern Europe,Fitness,Consumer,2,507.97,0.211,801.58,0.165,2,1,0,0.4595348994863527
First Class,LATAM,Eastern Asia,Office Supplies,Consumer,3,103.49,0.051,294.64,0.097,1,1,1,0.7174838198597134
Standard Class,Europe,South America,Electronics,Consumer,3,329.95,0.261,731.5,0.247,4,0,0,0.3623138923036256
Standard Class,Europe,Southeast Asia,Beauty,Corporate,1,62.15,0.073,57.61,0.179,4,0,0,0.318034858054574
Second Class,Europe,Central America,Fitness,Home Office,1,90.83,0.116,80.29,0.368,2,0,0,0.46530668024315874
Standard Class,Europe,Western Europe,Electronics,Corporate,2,402.41,0.06,756.53,0.213,4,0,0,0.32880705072800914
Second Class,USCA,Eastern Europe,Office Supplies,Consumer,5,27.87,0.212,109.81,0.104,2,0,1,0.5026402911084529
Standard Class,Pacific Asia,Central America,Furniture,Consumer,1,540.18,0.146,461.31,0.056,4,0,0,0.400056464691398
Second Class,Pacific Asia,Eastern Asia,Electronics,Corporate,1,592.04,0.255,441.07,0.229,2,0,0,0.46400863814043924
Standard Class,USCA,Western Europe,Beauty,Corporate,5,74.73,0.13,325.08,0.03,4,1,0,0.3382811735835998
First Class,USCA,Western Europe,Electronics,Consumer,3,208.11,0.343,410.18,0.356,1,0,1,0.6911624701085414
Standard Class,Pacific Asia,South America,Apparel,Consumer,4,415.79,0.301,1162.55,0.256,4,1,0,0.41899812488840527
Standard Class,Europe,South America,Office Supplies,Consumer,4,546.51,0.183,1785.99,0.355,4,0,0,0.3771316348919009
Standard Class,Europe,West Africa,Beauty,Corporate,4,231.99,0.221,722.88,0.108,4,1,0,0.4637853592711317
Standard Class,Pacific Asia,Southeast Asia,Apparel,Corporate,5,453.49,0.031,2197.16,0.206,4,0,0,0.29899038677950107
First Class,Pacific Asia,South America,Beauty,Corporate,5,275.03,0.087,1255.51,0.176,1,1,1,0.7828083942425347
First Class,Pacific Asia,West Africa,Apparel,Consumer,5,568.43,0.228,2194.14,0.152,1,1,1,0.64915027426652
Standard Class,LATAM,West Africa,Beauty,Consumer,5,65.91,0.226,255.07,0.025,4,0,0,0.3987074325340871
Standard Class,LATAM,Eastern Asia,Beauty,Consumer,4,587.65,0.134,2035.62,0.184,4,0,0,0.3187986175589404
Standard Class,Pacific Asia,Oceania,Beauty,Home Office,3,238.46,0.237,545.83,0.103,4,0,0,0.41717204289622467
Second Class,LATAM,Central America,Beauty,Consumer,2,348.31,0.086,636.71,0.222,2,0,1,0.5244044646823851
Standard Class,Pacific Asia,Oceania,Fitness,Home Office,1,312.59,0.026,304.46,0.167,4,0,0,0.38187387533530043
Second Class,Europe,Western Europe,Furniture,Consumer,5,411.48,0.079,1894.87,0.156,2,0,0,0.4273945865022729
First Class,Pacific Asia,Oceania,Apparel,Consumer,4,193.32,0.255,576.09,0.122,1,1,1,0.6828617105691955
Standard Class,LATAM,Eastern Europe,Fitness,Consumer,2,319.73,0.056,603.65,0.12,4,1,0,0.35322766770864067
Standard Class,Africa,Oceania,Fitness,Corporate,3,287.16,0.188,699.52,0.259,4,1,0,0.42765520445255717
First Class,Pacific Asia,Central America,Office Supplies,Home Office,4,47.93,0.35,124.62,0.118,1,1,1,0.7074569931982222
Standard Class,Europe,Oceania,Furniture,Consumer,4,394.42,0.13,1372.58,0.139,4,1,0,0.3633453464381994
Standard Class,LATAM,South America,Fitness,Corporate,1,226.81,0.082,208.21,0.178,4,0,0,0.3537873336311378
Standard Class,Africa,Eastern Europe,Beauty,Home Office,5,222.97,0.014,1099.24,0.119,4,0,1,0.5510239955228371
Standard Class,USCA,South America,Furniture,Home Office,3,20.77,0.056,58.82,0.181,4,0,0,0.337592668666839
Standard Class,USCA,Eastern Europe,Office Supplies,Consumer,1,279.16,0.041,267.71,0.204,4,0,0,0.3423926080986985
Second Class,Africa,Central America,Apparel,Consumer,1,235.97,0.023,230.54,0.025,2,0,1,0.5559444143664056
Standard Class,Africa,West Africa,Beauty,Home Office,4,239.76,0.263,706.81,0.147,4,1,1,0.5741169284025189
Standard Class,Europe,Eastern Europe,Electronics,Corporate,3,204.5,0.259,454.6,0.393,4,1,0,0.33713196760704317
Second Class,Pacific Asia,Southeast Asia,Furniture,Consumer,4,425.46,0.21,1344.45,0.185,2,0,1,0.637382152302464
Second Class,Africa,Oceania,Beauty,Corporate,1,83.2,0.175,68.64,0.187,2,1,0,0.4058473325045029
Second Class,USCA,South America,Electronics,Corporate,2,121.39,0.169,201.75,0.154,2,0,1,0.5141086787049594
Standard Class,LATAM,West Africa,Office Supplies,Consumer,1,240.5,0.058,226.55,-0.038,4,0,0,0.3745286255195497
Standard Class,USCA,Central America,Apparel,Consumer,3,409.25,0.125,1074.28,0.105,4,0,0,0.33061138944212626
First Class,Europe,Western Europe,Office Supplies,Consumer,1,558.94,0.119,492.43,-0.1,1,0,1,0.5414968321051223
Standard Class,USCA,Western Europe,Electronics,Corporate,2,368.57,0.013,727.56,0.17,4,0,0,0.38420510367073574
Standard Class,USCA,West Africa,Beauty,Corporate,2,74.38,0.314,102.05,0.129,4,1,0,0.37928824634852015
Standard Class,Africa,Eastern Asia,Electronics,Consumer,4,61.69,0.091,224.3,0.325,4,1,1,0.5399353666775807
First Class,Europe,Eastern Asia,Office Supplies,Corporate,2,581.0,0.053,1100.41,0.164,1,1,1,0.6711976120390375
Standard Class,LATAM,Eastern Asia,Fitness,Corporate,4,137.05,0.34,361.81,0.098,4,1,0,0.3858942102552919
Second Class,Pacific Asia,South America,Office Supplies,Consumer,5,97.33,0.121,427.77,0.158,2,0,1,0.5507279471998973
Second Class,Pacific Asia,Eastern Asia,Office Supplies,Corporate,5,524.67,0.298,1841.59,0.132,2,0,1,0.5138961963303502
Standard Class,USCA,Central America,Furniture,Corporate,1,68.86,0.13,59.91,0.147,4,1,0,0.3543547858380986
Standard Class,Africa,Western Europe,Electronics,Consumer,1,323.92,0.17,268.85,0.279,4,1,0,0.3917643246660911
First Class,Pacific Asia,Eastern Asia,Electronics,Consumer,3,560.86,0.12,1480.67,0.136,1,1,1,0.6568619008023551
Second Class,Europe,West Africa,Beauty,Consumer,2,441.79,0.044,844.7,0.067,2,1,1,0.5330315799110827
Standard Class,Pacific Asia,Western Europe,Electronics,Corporate,1,247.5,0.025,241.31,0.205,4,0,0,0.3633852407762515
Standard Class,Pacific Asia,Western Europe,Furniture,Home Office,1,112.73,0.189,91.42,-0.024,4,1,0,0.374619892110411
Second Class,USCA,South America,Fitness,Corporate,2,547.36,0.146,934.89,0.261,2,0,0,0.4082652265105692
Same Day,Europe,Eastern Europe,Beauty,Corporate,2,88.66,0.132,153.91,0.045,0,1,0,0.3606079279547871
First Class,Europe,Eastern Asia,Office Supplies,Consumer,4,53.09,0.126,185.6,0.274,1,1,1,0.5606614736133815
Standard Class,USCA,Eastern Europe,Apparel,Corporate,5,97.16,0.184,396.41,0.406,4,0,0,0.24200716548001494
Second Class,USCA,Eastern Asia,Beauty,Home Office,3,332.96,0.193,806.1,0.352,2,1,1,0.5499784672123065
Second Class,Africa,Central America,Fitness,Consumer,4,359.43,0.087,1312.64,0.223,2,1,1,0.7068594542088739
Standard Class,Pacific Asia,South America,Fitness,Consumer,1,490.26,0.18,402.01,0.372,4,0,0,0.2953044519859995
Second Class,USCA,South America,Electronics,Corporate,5,346.9,0.138,1495.14,0.149,2,0,1,0.5336551749174617
Standard Class,USCA,Western Europe,Electronics,Consumer,2,58.23,0.227,90.02,0.255,4,0,0,0.29398778991815233
Standard Class,USCA,Central America,Fitness,Home Office,1,35.3,0.073,32.72,0.19,4,1,0,0.3312779739188004
Standard Class,Europe,Western Europe,Apparel,Corporate,3,374.73,0.15,955.56,0.382,4,0,0,0.2922861682526804
Standard Class,Europe,Eastern Asia,Furniture,Consumer,1,215.53,0.327,145.05,0.175,4,0,0,0.35644999340410716
Standard Class,Africa,Central America,Office Supplies,Corporate,2,479.13,0.081,880.64,0.19,4,1,0,0.4388109277308826
First Class,Pacific Asia,Western Europe,Furniture,Consumer,2,536.3,0.214,843.06,0.082,1,1,1,0.6356900190322049
Second Class,Europe,Eastern Europe,Office Supplies,Consumer,2,483.77,0.301,676.31,0.227,2,0,0,0.39000570805299506
Standard Class,Africa,Oceania,Fitness,Corporate,5,225.62,0.029,1095.39,0.187,4,0,0,0.49090633430958763
Standard Class,Europe,Western Europe,Apparel,Consumer,2,563.5,0.002,1124.75,0.022,4,0,0,0.3415078936430527
Standard Class,USCA,Western Europe,Fitness,Consumer,4,92.73,0.328,249.26,0.318,4,1,0,0.36404391077922366
Standard Class,USCA,Central America,Office Supplies,Consumer,4,284.5,0.212,896.74,0.214,4,0,0,0.43925702152292956
Standard Class,LATAM,Western Europe,Office Supplies,Home Office,2,497.63,0.081,914.64,0.235,4,0,0,0.3059356610203484
Same Day,Pacific Asia,Southeast Asia,Beauty,Consumer,1,106.76,0.126,93.31,0.068,0,1,0,0.31432762178379536
Standard Class,USCA,South America,Fitness,Consumer,4,471.95,0.023,1844.38,0.342,4,0,0,0.47123705692218126
Standard Class,Africa,Eastern Asia,Furniture,Home Office,1,360.91,0.157,304.25,0.264,4,0,0,0.3520622521274127
Standard Class,Africa,Eastern Asia,Electronics,Corporate,4,355.01,0.243,1074.97,0.111,4,1,0,0.44830384961519765
Standard Class,Europe,West Africa,Furniture,Consumer,5,173.7,0.173,718.25,0.165,4,0,0,0.45204756261061707
Standard Class,USCA,Western Europe,Beauty,Consumer,5,113.13,0.198,453.65,0.169,4,0,0,0.3621824575329935
Standard Class,Pacific Asia,Western Europe,Fitness,Consumer,5,440.62,0.11,1960.76,0.155,4,0,0,0.4880064072406581
Second Class,USCA,Eastern Europe,Office Supplies,Corporate,1,485.31,0.277,350.88,0.232,2,0,0,0.393030760416194
Standard Class,Pacific Asia,Oceania,Furniture,Corporate,2,425.63,0.291,603.54,0.192,4,1,0,0.401127994148887
Standard Class,LATAM,West Africa,Apparel,Consumer,3,422.39,0.345,830.0,0.138,4,0,0,0.3424711519493339
Standard Class,Pacific Asia,Eastern Europe,Office Supplies,Consumer,5,550.62,0.05,2615.44,0.239,4,0,0,0.4141316077767179
Standard Class,USCA,Eastern Europe,Office Supplies,Consumer,4,147.84,0.175,487.87,0.167,4,0,0,0.40792189801578765
Standard Class,LATAM,Eastern Asia,Apparel,Consumer,3,418.76,0.117,1109.3,0.251,4,0,0,0.3346396774022145
First Class,Europe,Oceania,Electronics,Home Office,5,533.8,0.158,2247.3,0.323,1,0,1,0.5570131847462165
Second Class,Africa,Southeast Asia,Office Supplies,Consumer,2,125.34,0.35,162.94,0.214,2,0,0,0.4870841506804267
Standard Class,USCA,Western Europe,Electronics,Consumer,4,119.3,0.113,423.28,0.025,4,1,0,0.3849301247162868
Second Class,USCA,Central America,Apparel,Consumer,2,356.15,0.204,566.99,0.126,2,0,0,0.48182587131303284
Standard Class,Pacific Asia,Eastern Europe,Beauty,Consumer,1,191.43,0.242,145.1,0.278,4,0,0,0.49235237998851306
First Class,LATAM,Southeast Asia,Apparel,Consumer,2,178.99,0.31,247.01,0.206,1,0,1,0.6984522409991186
Standard Class,Pacific Asia,Central America,Apparel,Home Office,2,418.64,0.087,764.44,0.15,4,1,0,0.3672400908898525
Standard Class,LATAM,South America,Apparel,Consumer,1,275.19,0.082,252.62,0.198,4,0,0,0.3885448024113367
Second Class,Europe,Eastern Europe,Electronics,Consumer,2,339.6,0.285,485.63,0.27,2,0,0,0.43331971121801466
Standard Class,Pacific Asia,Oceania,Apparel,Consumer,5,115.96,0.193,467.9,0.087,4,0,0,0.3512935872235804
Standard Class,USCA,Central America,Fitness,Consumer,4,395.47,0.01,1566.06,0.249,4,0,0,0.4543855260971807
Second Class,USCA,Southeast Asia,Apparel,Consumer,5,257.17,0.025,1253.7,0.137,2,1,0,0.4692486252057945
Second Class,LATAM,Eastern Europe,Apparel,Consumer,2,251.56,0.011,497.59,0.187,2,0,0,0.46408096292195467
Second Class,USCA,Central America,Apparel,Consumer,3,240.37,0.05,685.05,0.304,2,0,1,0.5432270229439939
Standard Class,Europe,Eastern Asia,Apparel,Corporate,4,63.92,0.212,201.48,0.185,4,0,0,0.3229250127960021
First Class,Africa,Eastern Europe,Furniture,Consumer,5,109.18,0.175,450.37,0.175,1,1,1,0.6656151568298556
Second Class,USCA,Western Europe,Furniture,Consumer,2,340.55,0.158,573.49,0.103,2,1,0,0.44060389705510383
First Class,Africa,Eastern Europe,Electronics,Consumer,4,216.2,0.177,711.73,0.135,1,1,1,0.7422797336053464
First Class,LATAM,West Africa,Office Supplies,Consumer,4,304.08,0.048,1157.94,0.158,1,1,1,0.7225142833453799
Second Class,LATAM,West Africa,Electronics,Consumer,1,525.74,0.15,446.88,0.082,2,0,1,0.5997699481559804
Second Class,Europe,South America,Electronics,Consumer,3,53.65,0.17,133.59,0.201,2,0,1,0.5473064127533238
Standard Class,Pacific Asia,Eastern Asia,Furniture,Home Office,5,507.77,0.308,1756.88,0.165,4,0,0,0.40810980859913804
Second Class,Pacific Asia,Southeast Asia,Fitness,Corporate,4,112.93,0.244,341.5,0.031,2,0,1,0.5249654494111909
First Class,Pacific Asia,West Africa,Beauty,Consumer,3,323.09,0.19,785.11,0.155,1,1,1,0.7449446760597596
Standard Class,LATAM,Central America,Furniture,Home Office,4,134.25,0.187,436.58,0.301,4,1,0,0.3136490158409708
Standard Class,Pacific Asia,Oceania,Electronics,Home Office,5,551.54,0.04,2647.39,0.136,4,0,0,0.25026200766429224
Standard Class,USCA,Eastern Asia,Beauty,Consumer,2,53.4,0.007,106.05,0.243,4,0,0,0.4303009613430655
Standard Class,Africa,South America,Electronics,Consumer,5,429.87,0.121,1889.28,0.091,4,0,1,0.5245860818435487
Same Day,Pacific Asia,Central America,Electronics,Consumer,4,375.95,0.348,980.48,0.218,0,0,0,0.46928025689813796
First Class,Africa,Southeast Asia,Fitness,Corporate,2,348.84,0.036,672.56,0.156,1,1,1,0.6738250306100853
Standard Class,Pacific Asia,Central America,Beauty,Consumer,4,206.93,0.015,815.3,-0.037,4,0,0,0.36904000386329494
Standard Class,Europe,Central America,Electronics,Corporate,4,271.1,0.044,1036.69,0.183,4,0,0,0.3600112859182258
Standard Class,LATAM,Western Europe,Apparel,Consumer,2,384.56,0.333,513.0,0.1,4,1,0,0.28265598331079206
Second Class,Africa,Southeast Asia,Apparel,Consumer,1,240.82,0.225,186.64,0.361,2,1,1,0.6167430826776185
Standard Class,USCA,Central America,Office Supplies,Consumer,3,186.22,0.047,532.4,0.214,4,0,0,0.34910856807064117
Standard Class,USCA,Central America,Apparel,Corporate,5,265.06,0.246,999.28,0.079,4,0,0,0.4261326834868847
Standard Class,USCA,South America,Electronics,Corporate,4,360.91,0.187,1173.68,0.25,4,1,0,0.36043537824925886
Standard Class,LATAM,Southeast Asia,Electronics,Corporate,4,35.93,0.027,139.84,0.302,4,0,0,0.45569759678232774
Standard Class,Pacific Asia,West Africa,Electronics,Corporate,2,412.47,0.143,706.97,0.287,4,0,0,0.3857373823467058
Standard Class,USCA,Central America,Fitness,Consumer,1,251.6,0.348,164.04,0.082,4,1,0,0.3402752897832064
Standard Class,Pacific Asia,Oceania,Electronics,Consumer,4,541.5,0.211,1708.97,0.034,4,0,0,0.36955135566474007
Standard Class,LATAM,Oceania,Electronics,Home Office,5,183.12,0.068,853.34,0.391,4,1,0,0.22416284809163986
Standard Class,LATAM,Central America,Furniture,Consumer,1,357.91,0.02,350.75,0.061,4,0,0,0.30605350268103876
Second Class,USCA,Western Europe,Electronics,Consumer,4,333.12,0.16,1119.28,0.006,2,0,0,0.34939800452414277
Second Class,Pacific Asia,Oceania,Furniture,Corporate,2,476.16,0.176,784.71,0.258,2,1,0,0.46298598508449007
Same Day,USCA,West Africa,Apparel,Consumer,4,105.51,0.191,341.43,0.233,0,0,0,0.386535142706862
Standard Class,Europe,Oceania,Furniture,Consumer,2,193.44,0.288,275.46,0.197,4,0,0,0.3158358628301132
Standard Class,USCA,Eastern Asia,Beauty,Consumer,2,412.87,0.349,537.56,0.032,4,0,0,0.3695838438192537
First Class,Europe,South America,Apparel,Home Office,5,443.23,0.11,1972.37,0.191,1,0,1,0.5730474472850247
Second Class,Europe,Southeast Asia,Apparel,Consumer,4,49.46,0.118,174.49,0.178,2,0,0,0.4617734935057338
Standard Class,USCA,Central America,Furniture,Consumer,2,95.07,0.182,155.53,0.22,4,0,0,0.3137923308195813
Second Class,USCA,West Africa,Furniture,Consumer,3,413.07,0.154,1048.37,0.154,2,0,1,0.5531266629607674
Second Class,USCA,Oceania,Apparel,Home Office,2,417.29,0.176,687.69,0.136,2,1,0,0.46659528250333715
Standard Class,USCA,Eastern Europe,Furniture,Consumer,1,287.36,0.205,228.45,0.189,4,0,0,0.37188392226048406
First Class,USCA,West Africa,Beauty,Consumer,3,269.51,0.085,739.8,0.107,1,1,1,0.6938447929813815
Standard Class,LATAM,Southeast Asia,Fitness,Home Office,4,269.93,0.028,1049.49,0.205,4,0,0,0.2944309733276747
Standard Class,LATAM,Central America,Furniture,Consumer,3,426.66,0.093,1160.94,0.175,4,0,0,0.35084979532759897
Standard Class,LATAM,Southeast Asia,Fitness,Consumer,5,319.68,0.324,1080.52,0.174,4,1,0,0.3876920912963615
Second Class,Pacific Asia,Eastern Europe,Furniture,Consumer,1,257.93,0.23,198.61,0.178,2,1,1,0.5486661994572098
Standard Class,Pacific Asia,Oceania,Fitness,Home Office,4,400.67,0.324,1083.41,0.313,4,0,0,0.4380037388634604
Standard Class,Africa,Western Europe,Beauty,Home Office,5,511.67,0.348,1668.04,0.151,4,1,0,0.49832226569271226
Standard Class,Europe,Oceania,Office Supplies,Consumer,5,389.07,0.04,1867.54,0.257,4,0,0,0.3487589552028948
Second Class,Europe,Eastern Europe,Apparel,Consumer,5,279.43,0.241,1060.44,0.205,2,1,1,0.5384304739121752
Standard Class,LATAM,West Africa,Office Supplies,Corporate,5,149.07,0.139,641.75,0.25,4,0,0,0.34887265131285083
Standard Class,Pacific Asia,West Africa,Office Supplies,Corporate,3,29.5,0.324,59.83,0.283,4,1,0,0.43600428099935606
Standard Class,Africa,Eastern Asia,Fitness,Consumer,3,302.49,0.234,695.12,0.163,4,0,0,0.47417079124846884
Standard Class,Europe,Eastern Asia,Electronics,Consumer,3,297.51,0.249,670.29,0.193,4,0,0,0.285792270388552
Standard Class,Pacific Asia,Western Europe,Beauty,Corporate,3,198.71,0.335,396.43,0.312,4,0,0,0.39299874700487364
Standard Class,Pacific Asia,South America,Electronics,Consumer,3,188.37,0.206,448.7,0.14,4,1,0,0.3835875546937206
Second Class,Africa,Southeast Asia,Beauty,Consumer,3,117.34,0.211,277.74,0.231,2,1,1,0.6282897370027636
Standard Class,Pacific Asia,Eastern Asia,Fitness,Consumer,1,571.62,0.149,486.45,0.112,4,0,0,0.34731281337925096
Same Day,USCA,South America,Electronics,Consumer,5,388.93,0.163,1627.67,0.45,0,1,0,0.35913105916407406
Standard Class,Europe,Western Europe,Furniture,Consumer,4,457.24,0.074,1693.62,0.306,4,1,0,0.45561817807974886
Standard Class,Pacific Asia,Eastern Asia,Fitness,Consumer,1,152.59,0.143,130.77,0.177,4,1,0,0.39852931230735694
Second Class,Europe,South America,Electronics,Corporate,3,195.5,0.19,475.07,0.168,2,0,1,0.5014337424716847
Standard Class,Europe,Eastern Europe,Furniture,Consumer,4,170.61,0.337,452.46,0.127,4,0,0,0.4357718541332059
Second Class,LATAM,Oceania,Electronics,Consumer,3,412.75,0.256,921.26,0.227,2,1,1,0.5282810106084387
Second Class,LATAM,Western Europe,Electronics,Consumer,3,589.66,0.299,1240.05,-0.033,2,1,0,0.3916459011990062
Same Day,USCA,Central America,Apparel,Consumer,4,69.47,0.237,212.02,0.247,0,1,0,0.36799545734613637
First Class,LATAM,Eastern Asia,Furniture,Home Office,1,239.58,0.101,215.38,0.247,1,1,1,0.6616856553309625
Same Day,USCA,Oceania,Furniture,Consumer,2,419.36,0.237,639.94,0.2,0,0,0,0.4578711074561622
Standard Class,Europe,Oceania,Electronics,Consumer,1,377.63,0.189,306.26,0.123,4,0,0,0.2918496585980236
Second Class,LATAM,West Africa,Fitness,Consumer,5,282.58,0.005,1405.84,0.11,2,1,1,0.6527858775681777
Standard Class,LATAM,West Africa,Beauty,Home Office,2,325.1,0.344,426.53,0.162,4,0,0,0.24885755706853682
First Class,Pacific Asia,Central America,Office Supplies,Corporate,4,391.24,0.066,1461.67,0.344,1,1,1,0.6313146912476065
Standard Class,Africa,Central America,Apparel,Consumer,4,473.14,0.138,1631.39,0.146,4,1,1,0.5085672288578099
Standard Class,Europe,Oceania,Beauty,Consumer,1,312.32,0.164,261.1,0.331,4,0,0,0.2551872036631701
First Class,Europe,Central America,Apparel,Corporate,5,197.2,0.225,764.15,0.366,1,0,1,0.7027842021240839
Second Class,USCA,South America,Beauty,Corporate,4,592.38,0.036,2284.22,0.291,2,1,1,0.5422674222549019
First Class,USCA,West Africa,Furniture,Home Office,4,589.26,0.241,1788.99,0.21,1,1,1,0.6876613404453454
Standard Class,USCA,Southeast Asia,Fitness,Consumer,1,536.03,0.001,535.49,0.086,4,0,0,0.3748780994350704
Standard Class,LATAM,Oceania,Office Supplies,Consumer,2,554.54,0.06,1042.54,0.154,4,0,0,0.34670562073739614
Standard Class,USCA,Western Europe,Office Supplies,Consumer,2,433.67,0.129,755.45,0.267,4,0,0,0.3409822714248003
Second Class,Europe,South America,Beauty,Consumer,4,553.46,0.195,1782.14,0.238,2,0,0,0.4710441825177032
Standard Class,Pacific Asia,Southeast Asia,Office Supplies,Corporate,3,286.63,0.169,714.57,0.16,4,0,0,0.40666445901664483
Standard Class,Europe,West Africa,Furniture,Consumer,3,363.21,0.018,1070.02,0.29,4,0,0,0.4375025929224113
Standard Class,USCA,Central America,Fitness,Consumer,5,304.38,0.041,1459.5,0.24,4,0,0,0.3899987105549103
First Class,Pacific Asia,South America,Beauty,Consumer,1,422.97,0.125,370.1,0.273,1,1,1,0.7360018038837753
Standard Class,USCA,Southeast Asia,Apparel,Corporate,2,325.82,0.192,526.53,0.143,4,0,0,0.3573973619032822
Second Class,Europe,Oceania,Beauty,Consumer,2,294.83,0.175,486.47,0.173,2,1,0,0.3897972268247311
Standard Class,Pacific Asia,Central America,Fitness,Corporate,4,210.07,0.025,819.27,0.264,4,0,0,0.3877145776038311
Standard Class,Europe,Eastern Asia,Office Supplies,Consumer,2,76.6,0.132,132.98,0.082,4,1,0,0.24282154280039508
Second Class,Europe,Eastern Asia,Office Supplies,Home Office,2,281.37,0.179,462.01,0.204,2,0,0,0.37187037860351485
Standard Class,Africa,South America,Beauty,Consumer,1,267.91,0.211,211.38,0.354,4,0,0,0.48606268804724256
Standard Class,LATAM,Oceania,Electronics,Corporate,2,270.77,0.292,383.41,0.109,4,0,0,0.3786850719523273
Standard Class,Pacific Asia,Western Europe,Furniture,Home Office,1,146.09,0.037,140.68,0.124,4,1,0,0.3273351365258682
Standard Class,USCA,Eastern Europe,Fitness,Consumer,2,499.61,0.04,959.25,0.231,4,0,0,0.31873309677162387
First Class,USCA,Eastern Europe,Beauty,Consumer,3,555.58,0.029,1618.4,0.185,1,1,1,0.6575192141795474
First Class,USCA,West Africa,Office Supplies,Consumer,3,443.72,0.3,931.81,0.32,1,1,1,0.6517209819958194
Standard Class,LATAM,Western Europe,Office Supplies,Consumer,3,370.12,0.095,1004.88,0.107,4,0,0,0.3103074357913759
Standard Class,Africa,Southeast Asia,Fitness,Corporate,3,523.09,0.236,1198.92,0.234,4,1,0,0.44060449241891864
Standard Class,Africa,Oceania,Office Supplies,Consumer,5,285.46,0.285,1020.52,0.137,4,0,1,0.5836607085960582
Standard Class,LATAM,Central America,Beauty,Corporate,2,167.28,0.018,328.54,0.245,4,0,0,0.26722383307148256
Standard Class,Europe,Eastern Europe,Electronics,Consumer,2,107.57,0.171,178.35,0.118,4,0,0,0.32238859889181004
Second Class,Europe,Eastern Asia,Apparel,Consumer,4,213.25,0.033,824.85,0.237,2,0,0,0.4885151811133185
First Class,USCA,Oceania,Office Supplies,Corporate,4,125.43,0.274,364.25,0.116,1,1,1,0.6475919174505924
Standard Class,Europe,South America,Electronics,Consumer,3,546.72,0.187,1333.45,-0.051,4,0,0,0.3000202597781259
Second Class,Europe,Eastern Europe,Office Supplies,Consumer,1,581.65,0.164,486.26,0.235,2,0,0,0.3903240633752541
Standard Class,Europe,Southeast Asia,Fitness,Consumer,4,353.2,0.202,1127.41,0.294,4,0,0,0.36184262636289405
First Class,Africa,Southeast Asia,Beauty,Consumer,2,55.64,0.014,109.72,0.159,1,1,1,0.537740638638575
Same Day,Europe,Western Europe,Electronics,Home Office,2,164.6,0.337,218.26,0.116,0,0,0,0.4852217846557789
Same Day,LATAM,Western Europe,Office Supplies,Consumer,4,87.74,0.141,301.47,0.246,0,0,0,0.4580902582786641
First Class,Pacific Asia,Western Europe,Fitness,Consumer,3,218.34,0.095,592.79,0.24,1,0,1,0.6948664020411232
Standard Class,USCA,West Africa,Beauty,Consumer,1,341.79,0.201,273.09,0.213,4,0,0,0.34728409129019167
First Class,Europe,Central America,Beauty,Consumer,4,123.46,0.231,379.76,0.269,1,0,1,0.7334841191842454
First Class,USCA,South America,Fitness,Corporate,1,87.51,0.195,70.45,0.217,1,1,1,0.5419700759205671
Second Class,LATAM,South America,Beauty,Home Office,5,59.61,0.325,201.18,0.178,2,0,1,0.6050564222534791
Same Day,USCA,South America,Fitness,Corporate,1,433.75,0.011,428.98,0.158,0,0,0,0.4836188960851741
Standard Class,Europe,Western Europe,Office Supplies,Consumer,4,382.32,0.033,1478.81,0.236,4,0,0,0.39119889755940646
Standard Class,Europe,Southeast Asia,Beauty,Consumer,3,416.88,0.223,971.75,0.163,4,0,0,0.303739864918569
First Class,Pacific Asia,Central America,Office Supplies,Consumer,5,513.76,0.072,2383.85,0.204,1,1,1,0.640082365647214
Standard Class,USCA,Western Europe,Office Supplies,Consumer,2,280.95,0.282,403.44,0.396,4,0,0,0.31112734171470163
Standard Class,Pacific Asia,West Africa,Apparel,Consumer,3,178.62,0.16,450.12,0.129,4,0,0,0.44014638324398303
Second Class,Pacific Asia,West Africa,Electronics,Consumer,2,177.66,0.044,339.69,0.146,2,0,1,0.5535571856932338
Standard Class,USCA,Eastern Asia,Beauty,Consumer,4,305.25,0.169,1014.65,0.207,4,0,0,0.3816213544915167
First Class,USCA,Central America,Fitness,Consumer,1,576.78,0.332,385.29,0.267,1,1,1,0.8157416773858204
Standard Class,LATAM,Southeast Asia,Office Supplies,Corporate,4,45.68,0.338,120.96,0.34,4,0,0,0.4366144360865025
Standard Class,LATAM,West Africa,Office Supplies,Consumer,5,291.63,0.236,1114.03,0.031,4,0,0,0.3396242260306607
Standard Class,USCA,Oceania,Office Supplies,Consumer,3,220.02,0.283,473.26,0.23,4,0,0,0.33687636715817676
Standard Class,Europe,Eastern Europe,Apparel,Consumer,5,136.67,0.323,462.63,0.142,4,0,0,0.4881876726283738
Standard Class,LATAM,Southeast Asia,Beauty,Corporate,5,579.55,0.089,2639.85,0.065,4,0,0,0.3241108640446535
Standard Class,USCA,Oceania,Electronics,Corporate,3,354.19,0.122,932.94,0.15,4,0,0,0.3312861933757162
Standard Class,LATAM,Central America,Apparel,Corporate,4,33.94,0.079,125.03,0.109,4,1,0,0.3360319740592386
Second Class,LATAM,Central America,Beauty,Consumer,1,474.09,0.17,393.49,0.005,2,0,0,0.4661369042665977
Same Day,USCA,Oceania,Beauty,Home Office,2,63.37,0.036,122.18,0.126,0,0,0,0.4169473048407064
Standard Class,Europe,West Africa,Office Supplies,Consumer,3,522.0,0.216,1227.74,0.079,4,0,0,0.44307184633879493
Standard Class,Europe,Eastern Asia,Apparel,Home Office,3,83.19,0.001,249.32,0.147,4,0,0,0.28191073528459143
Standard Class,USCA,Eastern Europe,Beauty,Consumer,3,162.11,0.335,323.41,0.124,4,0,0,0.4019473028954348
Standard Class,Pacific Asia,Eastern Asia,Furniture,Consumer,5,76.14,0.062,357.1,0.145,4,0,0,0.3818249806793722
Standard Class,Europe,Southeast Asia,Beauty,Home Office,4,312.61,0.105,1119.14,0.173,4,1,0,0.33370550078814193
Second Class,LATAM,Eastern Europe,Fitness,Consumer,1,290.51,0.339,192.03,0.275,2,0,0,0.46438520880328193
Second Class,Europe,Southeast Asia,Furniture,Home Office,1,26.75,0.019,26.24,0.152,2,0,0,0.3942825812548359
Standard Class,USCA,West Africa,Fitness,Consumer,1,26.37,0.286,18.83,0.366,4,0,0,0.30282438823755886
Standard Class,USCA,South America,Fitness,Consumer,1,73.42,0.042,70.34,0.091,4,0,0,0.35353580713705507
Standard Class,LATAM,Central America,Beauty,Consumer,4,332.09,0.082,1219.43,0.17,4,0,0,0.40593905863743474
Standard Class,Pacific Asia,South America,Office Supplies,Consumer,4,79.62,0.09,289.82,0.215,4,0,0,0.37868150685846985
Second Class,LATAM,Oceania,Beauty,Consumer,4,151.55,0.136,523.76,0.279,2,1,0,0.47776887267753454
Standard Class,Pacific Asia,South America,Apparel,Consumer,2,280.25,0.199,448.96,0.24,4,0,0,0.38573918809845925
First Class,LATAM,Eastern Asia,Electronics,Consumer,1,597.93,0.333,398.82,-0.014,1,1,1,0.6433993457400711
Standard Class,LATAM,Oceania,Electronics,Consumer,4,508.07,0.022,1987.57,0.129,4,0,0,0.3973169363588779
Standard Class,USCA,Oceania,Beauty,Consumer,4,384.52,0.124,1347.36,0.334,4,0,0,0.4110020516247796
Standard Class,Pacific Asia,Central America,Furniture,Consumer,2,354.08,0.034,684.08,0.123,4,0,0,0.40994437944395495
Standard Class,Africa,West Africa,Beauty,Consumer,2,205.27,0.017,403.56,0.422,4,0,0,0.3444438303451378
Standard Class,LATAM,West Africa,Furniture,Consumer,4,545.34,0.184,1779.99,0.217,4,0,0,0.48246271582369504
Same Day,Africa,Western Europe,Apparel,Corporate,2,502.82,0.088,917.14,0.01,0,1,1,0.5132306765737256
Standard Class,USCA,Eastern Asia,Furniture,Consumer,3,525.37,0.07,1465.78,0.108,4,0,0,0.37147640321496045
Standard Class,Africa,Western Europe,Apparel,Corporate,5,163.29,0.2,653.16,0.101,4,0,0,0.3831689321924203
Second Class,LATAM,Central America,Electronics,Corporate,1,455.99,0.07,424.07,0.129,2,0,0,0.4773693552262274
Standard Class,Pacific Asia,Oceania,Apparel,Corporate,1,388.52,0.153,329.08,0.188,4,0,0,0.40005737376227984
Standard Class,Pacific Asia,Southeast Asia,Beauty,Consumer,3,383.3,0.186,936.02,0.181,4,1,0,0.40086589195322564
Standard Class,USCA,Central America,Apparel,Corporate,1,32.32,0.057,30.48,0.19,4,0,0,0.3438093775366545
Standard Class,Pacific Asia,Central America,Furniture,Consumer,1,436.84,0.121,383.98,0.177,4,0,0,0.3857398368486647
Standard Class,Pacific Asia,Western Europe,Beauty,Consumer,1,433.37,0.071,402.6,0.324,4,0,0,0.3211031363331006
Standard Class,Africa,Western Europe,Office Supplies,Consumer,2,539.77,0.103,968.35,0.125,4,0,0,0.42850458121272705
Second Class,Pacific Asia,West Africa,Beauty,Corporate,2,578.65,0.071,1075.13,0.15,2,0,1,0.5515591232011011
Standard Class,LATAM,Oceania,Beauty,Corporate,1,168.68,0.287,120.27,0.021,4,1,0,0.43170101538205174
Standard Class,Europe,Oceania,Electronics,Consumer,2,264.85,0.193,427.47,0.274,4,0,0,0.2923761446955706
Standard Class,Pacific Asia,South America,Office Supplies,Consumer,1,471.09,0.189,382.05,0.102,4,0,0,0.364595945244395
Standard Class,LATAM,Southeast Asia,Electronics,Home Office,3,544.15,0.102,1465.94,0.248,4,0,0,0.3385446752031205
First Class,USCA,West Africa,Electronics,Consumer,3,402.36,0.174,997.05,0.085,1,1,1,0.704201411791316
Standard Class,Europe,Southeast Asia,Beauty,Consumer,1,91.49,0.249,68.71,0.041,4,1,0,0.38107404363155656
Second Class,Europe,Southeast Asia,Beauty,Consumer,3,191.34,0.219,448.31,0.294,2,0,1,0.5240656778712828
First Class,Pacific Asia,West Africa,Apparel,Home Office,2,117.66,0.32,160.02,0.272,1,1,1,0.7510608903785583
First Class,Africa,South America,Apparel,Consumer,2,197.89,0.044,378.37,0.272,1,1,1,0.7482565386930735
First Class,Pacific Asia,Southeast Asia,Apparel,Corporate,1,534.97,0.068,498.59,0.088,1,1,1,0.6827796337399171
First Class,Pacific Asia,West Africa,Furniture,Consumer,1,122.57,0.306,85.06,0.27,1,1,1,0.7414967796891558
Standard Class,LATAM,Western Europe,Fitness,Consumer,5,555.67,0.027,2703.33,0.277,4,1,0,0.4930235598497317
Second Class,USCA,West Africa,Fitness,Consumer,1,545.01,0.186,443.64,0.222,2,0,1,0.5528611588795278
Standard Class,Pacific Asia,Western Europe,Electronics,Consumer,3,385.51,0.208,915.97,0.245,4,1,0,0.4043124704137887
Standard Class,LATAM,Western Europe,Furniture,Consumer,5,29.62,0.069,137.88,0.242,4,1,0,0.45605880407339755
Standard Class,LATAM,Oceania,Fitness,Consumer,4,49.84,0.326,134.37,0.151,4,0,0,0.3693705247140856
First Class,USCA,Oceania,Office Supplies,Consumer,4,228.0,0.21,720.48,0.11,1,1,1,0.6715696832689027
Second Class,Africa,Western Europe,Apparel,Corporate,5,523.06,0.227,2021.63,0.11,2,1,1,0.5361623087383071
First Class,Pacific Asia,South America,Beauty,Consumer,2,517.31,0.118,912.53,0.213,1,0,1,0.7301664013912227
Standard Class,USCA,Eastern Europe,Fitness,Home Office,4,577.02,0.01,2285.0,0.124,4,0,0,0.3403751634412101
Standard Class,Pacific Asia,Western Europe,Furniture,Consumer,3,360.5,0.05,1027.42,0.108,4,1,0,0.34696423989788394
Second Class,USCA,Eastern Asia,Office Supplies,Home Office,3,222.45,0.342,439.12,0.1,2,1,0,0.46337486050191656
First Class,Europe,South America,Office Supplies,Home Office,5,113.57,0.173,469.61,0.296,1,1,1,0.6257286418261775
Standard Class,USCA,Oceania,Furniture,Consumer,4,465.25,0.208,1473.91,0.257,4,1,0,0.4331082580059103
Second Class,USCA,Western Europe,Furniture,Home Office,2,273.99,0.13,476.74,0.326,2,0,0,0.43781304569112234
Standard Class,LATAM,Western Europe,Office Supplies,Consumer,5,50.23,0.138,216.49,0.061,4,0,0,0.36746160709560943
Second Class,Africa,West Africa,Apparel,Consumer,3,288.36,0.278,624.59,0.3,2,1,1,0.7266343133036696
Second Class,Pacific Asia,Oceania,Apparel,Consumer,2,337.37,0.098,608.62,0.301,2,1,1,0.541354980005704
Standard Class,Pacific Asia,South America,Apparel,Consumer,3,395.62,0.204,944.74,0.097,4,0,0,0.3495729091802178
Second Class,USCA,Eastern Europe,Office Supplies,Consumer,5,359.56,0.219,1404.08,0.138,2,0,0,0.48914706933035673
Standard Class,Africa,Oceania,Office Supplies,Home Office,3,488.2,0.116,1294.71,0.077,4,0,0,0.47474961050851244
Standard Class,LATAM,Central America,Furniture,Home Office,3,389.61,0.169,971.3,0.278,4,0,0,0.2555229110946959
Standard Class,LATAM,Oceania,Beauty,Corporate,5,151.51,0.062,710.58,0.223,4,1,0,0.29829918206764366
Standard Class,Pacific Asia,West Africa,Office Supplies,Home Office,5,311.22,0.276,1126.62,0.078,4,0,0,0.43962303127538344
Standard Class,LATAM,Eastern Asia,Electronics,Home Office,1,229.68,0.268,168.13,0.065,4,1,0,0.3934115905516374
Standard Class,Pacific Asia,South America,Office Supplies,Corporate,4,272.58,0.047,1039.07,0.25,4,0,0,0.3864648977065629
Second Class,Europe,West Africa,Fitness,Consumer,1,251.45,0.099,226.56,0.118,2,0,1,0.5140013195420446
Second Class,Pacific Asia,Southeast Asia,Beauty,Consumer,5,457.89,0.192,1849.88,0.217,2,0,0,0.4974982166098721
Standard Class,USCA,South America,Electronics,Consumer,2,429.86,0.078,792.66,0.285,4,1,0,0.32970582902115336
Second Class,Europe,Eastern Asia,Electronics,Consumer,3,29.45,0.285,63.17,0.074,2,0,0,0.4029947457366575
Standard Class,LATAM,Southeast Asia,Furniture,Corporate,2,318.3,0.111,565.94,0.222,4,0,0,0.3057037873442027
Standard Class,Pacific Asia,South America,Furniture,Corporate,2,476.99,0.259,706.9,0.27,4,1,0,0.42151018260676176
Standard Class,LATAM,Southeast Asia,Apparel,Home Office,3,382.57,0.209,907.84,0.195,4,0,0,0.3106228767885009
Standard Class,USCA,Western Europe,Beauty,Corporate,1,518.6,0.131,450.66,0.197,4,0,0,0.33891550129420084
Standard Class,Europe,Central America,Furniture,Corporate,3,305.89,0.004,914.0,0.027,4,0,0,0.329634972584719
Standard Class,Europe,Eastern Europe,Apparel,Consumer,4,565.68,0.222,1760.4,0.246,4,0,0,0.4427488126367105
First Class,USCA,Oceania,Electronics,Corporate,2,376.58,0.316,515.16,0.212,1,1,1,0.6578426318406665
Standard Class,LATAM,Eastern Asia,Furniture,Consumer,4,510.51,0.221,1590.75,0.097,4,0,0,0.4792446262714669
Standard Class,Africa,Central America,Furniture,Consumer,1,73.85,0.035,71.27,0.289,4,0,0,0.40332256033032265
Standard Class,Pacific Asia,Eastern Europe,Furniture,Corporate,1,70.22,0.079,64.67,0.122,4,0,0,0.44111025643095514
Second Class,LATAM,Southeast Asia,Office Supplies,Consumer,4,233.91,0.181,766.29,0.019,2,1,0,0.4280726343744826
First Class,Europe,Eastern Europe,Furniture,Corporate,4,27.5,0.192,88.88,0.273,1,1,1,0.5533242403487098
First Class,LATAM,Eastern Europe,Fitness,Corporate,1,271.3,0.109,241.73,0.143,1,1,1,0.620950391374633
Standard Class,USCA,Central America,Beauty,Consumer,1,316.52,0.16,265.88,0.136,4,0,0,0.32872455507579634
Standard Class,Europe,Eastern Europe,Apparel,Consumer,1,444.25,0.177,365.62,0.182,4,0,0,0.3051797573901145
Standard Class,LATAM,Oceania,Beauty,Consumer,4,90.2,0.151,306.32,0.211,4,0,0,0.34959499804481664
Standard Class,Europe,Oceania,Furniture,Home Office,1,467.29,0.245,352.8,0.128,4,0,0,0.35044163072597845
Standard Class,Pacific Asia,Central America,Fitness,Consumer,4,574.14,0.229,1770.65,0.109,4,1,0,0.4880049979309543
Second Class,LATAM,Southeast Asia,Electronics,Corporate,3,297.21,0.059,839.02,0.308,2,0,1,0.5400178782579717
Standard Class,Pacific Asia,Eastern Europe,Beauty,Corporate,3,440.31,0.053,1250.92,0.179,4,1,0,0.2997435150124024
Standard Class,Africa,Eastern Europe,Office Supplies,Consumer,2,452.19,0.126,790.43,0.108,4,0,0,0.4305275025826197
Standard Class,LATAM,South America,Electronics,Home Office,1,360.2,0.042,345.07,0.159,4,0,0,0.34646179894754625
First Class,Africa,Eastern Europe,Furniture,Consumer,5,391.95,0.3,1371.82,0.229,1,1,1,0.749933600059181
Standard Class,Europe,Southeast Asia,Office Supplies,Home Office,4,145.52,0.284,416.77,0.222,4,0,0,0.3903883291364801
Standard Class,Pacific Asia,Western Europe,Furniture,Corporate,4,457.4,0.06,1719.82,0.101,4,0,0,0.44243654998387166
Standard Class,Pacific Asia,Eastern Asia,Fitness,Corporate,3,273.59,0.041,787.12,0.221,4,0,0,0.41400024676128483
Standard Class,USCA,Central America,Electronics,Home Office,2,187.08,0.282,268.65,0.192,4,1,0,0.3179559162356881
First Class,USCA,Eastern Europe,Apparel,Consumer,1,371.64,0.032,359.75,0.06,1,0,1,0.6132157341487061
Standard Class,USCA,Southeast Asia,Fitness,Home Office,4,167.12,0.277,483.31,0.161,4,0,0,0.3635346486860462
Second Class,LATAM,West Africa,Beauty,Consumer,5,287.21,0.094,1301.06,0.194,2,1,1,0.6359714078416194
Standard Class,Pacific Asia,West Africa,Apparel,Home Office,2,442.8,0.128,772.24,0.343,4,1,0,0.3657848222147549
Second Class,Africa,Central America,Fitness,Consumer,2,478.31,0.295,674.42,0.318,2,1,1,0.5912558688436726
Second Class,Pacific Asia,Eastern Europe,Beauty,Corporate,3,270.87,0.146,693.97,0.06,2,0,0,0.45578908598425666
Standard Class,Africa,Western Europe,Apparel,Consumer,4,406.82,0.149,1384.82,0.036,4,0,0,0.4394751836405198
Standard Class,Pacific Asia,Southeast Asia,Apparel,Corporate,5,168.32,0.09,765.86,0.156,4,1,0,0.39198969137340506
Second Class,USCA,South America,Furniture,Consumer,2,60.16,0.344,78.93,0.216,2,0,0,0.3627912102710066
Standard Class,Europe,Central America,Electronics,Consumer,2,474.35,0.259,702.99,0.398,4,0,0,0.29732811824873767
Standard Class,Africa,Eastern Europe,Office Supplies,Consumer,4,564.74,0.284,1617.42,0.033,4,1,1,0.602598518186938
First Class,LATAM,Eastern Asia,Electronics,Home Office,1,122.54,0.334,81.61,0.019,1,1,1,0.6253730937377342
Standard Class,Africa,South America,Fitness,Consumer,3,449.96,0.337,894.97,0.162,4,1,0,0.43929002945606616
Standard Class,Europe,South America,Beauty,Consumer,2,167.82,0.038,322.89,0.08,4,0,0,0.25725698590586954
Standard Class,Europe,Central America,Fitness,Home Office,1,251.88,0.286,179.84,0.175,4,0,0,0.3269736703905805
Standard Class,USCA,Central America,Fitness,Corporate,4,106.94,0.194,344.77,0.224,4,0,0,0.4159633677684599
Same Day,Europe,Eastern Europe,Office Supplies,Consumer,4,408.8,0.017,1607.4,0.007,0,0,0,0.3740117390108771
Standard Class,Europe,South America,Fitness,Home Office,3,413.35,0.105,1109.84,0.34,4,0,0,0.32188261620594294
Second Class,Africa,Southeast Asia,Fitness,Corporate,4,327.85,0.164,1096.33,0.237,2,0,1,0.61429218463619
Standard Class,LATAM,Eastern Europe,Office Supplies,Home Office,2,347.49,0.106,621.31,0.226,4,0,0,0.23461128684052343
Same Day,Pacific Asia,South America,Furniture,Corporate,5,225.52,0.212,888.55,0.086,0,0,1,0.5232770125846338
Standard Class,Europe,West Africa,Fitness,Consumer,3,139.69,0.262,309.27,0.289,4,1,0,0.3754410539750962
Standard Class,USCA,South America,Beauty,Corporate,5,157.79,0.28,568.04,0.149,4,0,0,0.37620995835026966
First Class,Europe,Southeast Asia,Electronics,Consumer,5,252.06,0.007,1251.48,0.099,1,1,1,0.5933946316722052
Standard Class,USCA,Eastern Europe,Furniture,Consumer,3,337.2,0.008,1003.51,0.13,4,0,0,0.3360306152709892
Standard Class,Pacific Asia,Western Europe,Fitness,Home Office,5,131.09,0.148,558.44,0.308,4,1,0,0.31830560720127504
Second Class,Africa,Central America,Fitness,Consumer,1,125.63,0.034,121.36,0.356,2,0,1,0.6032127664409671
Standard Class,Africa,Eastern Europe,Beauty,Corporate,5,289.68,0.054,1370.19,0.18,4,0,1,0.5844022151493897
Standard Class,Europe,Eastern Europe,Fitness,Corporate,1,85.4,0.06,80.28,0.111,4,0,0,0.26982193352847555
Standard Class,USCA,Southeast Asia,Apparel,Consumer,1,75.78,0.234,58.05,0.038,4,1,0,0.3356644022448889
First Class,USCA,Central America,Furniture,Consumer,3,422.96,0.245,958.0,0.202,1,1,1,0.6696127480019696
Second Class,Pacific Asia,West Africa,Beauty,Home Office,5,330.26,0.312,1136.09,0.064,2,1,1,0.6294025990356056
Second Class,USCA,Eastern Asia,Beauty,Consumer,4,535.66,0.1,1928.38,0.19,2,1,1,0.5176326648689076
Standard Class,Europe,Central America,Furniture,Consumer,3,573.36,0.103,1542.91,0.134,4,1,0,0.2572077586558147
Standard Class,Europe,Eastern Asia,Office Supplies,Corporate,1,358.37,0.045,342.24,0.077,4,0,0,0.2538871266547207
Standard Class,USCA,Western Europe,Office Supplies,Home Office,1,159.27,0.184,129.96,0.191,4,1,0,0.34384029567365787
Standard Class,Pacific Asia,South America,Beauty,Corporate,2,482.52,0.293,682.28,0.159,4,1,0,0.4209323924648027
Standard Class,Europe,Oceania,Fitness,Consumer,2,391.78,0.029,760.84,0.251,4,0,0,0.2695397434654132
Standard Class,USCA,Eastern Asia,Electronics,Consumer,2,316.87,0.333,422.7,0.199,4,0,0,0.3357874816080304
Standard Class,Africa,Southeast Asia,Office Supplies,Consumer,1,359.93,0.232,276.43,0.277,4,0,1,0.5490433713232247
Standard Class,USCA,Western Europe,Furniture,Consumer,3,519.44,0.17,1293.41,0.162,4,1,0,0.34282880144496763
First Class,Africa,South America,Fitness,Corporate,5,88.67,0.174,366.21,0.21,1,0,1,0.6305124322763523
Standard Class,Europe,South America,Office Supplies,Consumer,1,124.84,0.272,90.88,-0.049,4,0,0,0.33003558703578567
Second Class,USCA,Central America,Beauty,Home Office,1,439.64,0.268,321.82,0.221,2,1,1,0.5210919463089223
Standard Class,Europe,Eastern Asia,Office Supplies,Consumer,4,221.6,0.107,791.56,0.29,4,0,0,0.3080013166828579
Standard Class,LATAM,Oceania,Fitness,Consumer,3,283.57,0.072,789.46,0.189,4,0,0,0.29334929802724974
Standard Class,USCA,Southeast Asia,Furniture,Corporate,4,526.64,0.103,1889.58,0.195,4,0,0,0.4201605520306632
Standard Class,LATAM,Oceania,Fitness,Consumer,2,418.72,0.191,677.49,0.307,4,0,0,0.30644467491891964
Standard Class,USCA,South America,Electronics,Consumer,4,152.0,0.189,493.09,0.45,4,0,0,0.28380643661152294
Standard Class,LATAM,Central America,Fitness,Consumer,3,239.65,0.118,634.11,0.148,4,1,0,0.3107051356612747
Standard Class,USCA,Oceania,Fitness,Corporate,5,590.07,0.151,2504.85,0.273,4,1,0,0.34528403119814266
Standard Class,LATAM,Oceania,Furniture,Consumer,1,264.14,0.076,244.07,0.056,4,1,0,0.32764573249145035
First Class,USCA,South America,Fitness,Consumer,4,366.58,0.038,1410.6,0.238,1,0,1,0.6262347367553499
Standard Class,Pacific Asia,Western Europe,Beauty,Consumer,4,482.73,0.082,1772.58,0.105,4,0,0,0.4251203881737411
Standard Class,Europe,Eastern Asia,Furniture,Corporate,5,544.44,0.328,1829.32,0.181,4,0,0,0.43878129490846784
Standard Class,Africa,Eastern Asia,Office Supplies,Consumer,1,360.43,0.063,337.72,0.124,4,0,1,0.5353205681562363
Standard Class,Pacific Asia,Central America,Fitness,Corporate,3,555.58,0.176,1373.39,0.155,4,1,0,0.41251373720617845
Standard Class,Africa,Western Europe,Apparel,Corporate,2,160.25,0.148,273.07,0.173,4,0,0,0.3079828133446955
Second Class,Pacific Asia,Eastern Europe,Apparel,Consumer,5,286.06,0.327,962.59,0.224,2,0,1,0.570857321776836
Standard Class,Pacific Asia,West Africa,Office Supplies,Corporate,3,169.9,0.288,362.91,0.154,4,1,0,0.47807023425387507
Standard Class,Europe,Eastern Europe,Beauty,Consumer,4,360.36,0.333,961.44,0.227,4,1,0,0.42359837453643867
First Class,Pacific Asia,Central America,Electronics,Corporate,2,404.85,0.05,769.22,0.235,1,0,1,0.7386122229226152
Second Class,LATAM,Eastern Europe,Fitness,Consumer,5,338.59,0.335,1125.81,0.309,2,1,1,0.5436146164524436
Standard Class,LATAM,Oceania,Beauty,Home Office,4,84.87,0.321,230.51,0.158,4,0,0,0.44507682577864816
Standard Class,USCA,Western Europe,Office Supplies,Home Office,5,216.28,0.289,768.88,0.373,4,1,0,0.3771411370565934
Standard Class,USCA,West Africa,Electronics,Consumer,5,259.13,0.249,973.03,0.271,4,0,0,0.38690894994491165
Standard Class,USCA,Western Europe,Electronics,Consumer,1,494.78,0.008,490.82,0.238,4,1,0,0.3800379154459471
Standard Class,USCA,Oceania,Apparel,Consumer,4,277.78,0.066,1037.79,0.18,4,1,0,0.4079743444307063
Standard Class,LATAM,Eastern Europe,Office Supplies,Corporate,4,135.67,0.207,430.35,0.148,4,0,0,0.4554244074647841
Standard Class,Europe,Central America,Electronics,Consumer,1,189.35,0.106,169.28,0.205,4,1,0,0.29920472670496495
Standard Class,USCA,Oceania,Beauty,Consumer,1,533.82,0.163,446.81,0.116,4,0,0,0.3391022058255629
Same Day,USCA,Southeast Asia,Apparel,Corporate,4,140.61,0.141,483.14,0.427,0,0,0,0.4374935754016033
Standard Class,LATAM,Eastern Europe,Beauty,Corporate,3,597.45,0.097,1618.49,0.1,4,0,0,0.27013010289099476
Second Class,USCA,Western Europe,Furniture,Home Office,2,190.62,0.165,318.34,0.234,2,1,0,0.43582574777924066
Second Class,USCA,South America,Fitness,Corporate,2,585.89,0.143,1004.22,0.093,2,0,0,0.3989084764745582
Standard Class,Africa,Western Europe,Fitness,Consumer,2,545.79,0.341,719.35,0.05,4,0,0,0.4930262831010338
First Class,Pacific Asia,South America,Electronics,Corporate,5,304.72,0.103,1366.67,0.28,1,1,1,0.6840812880406424
Standard Class,USCA,Western Europe,Electronics,Corporate,4,543.01,0.327,1461.78,0.138,4,0,0,0.39747497651453606
Second Class,LATAM,Southeast Asia,Beauty,Corporate,3,486.29,0.118,1286.72,0.123,2,0,1,0.5470066966438142
First Class,Africa,Southeast Asia,Beauty,Corporate,2,489.71,0.218,765.91,0.312,1,1,1,0.6963934534137394
Same Day,Pacific Asia,Oceania,Electronics,Corporate,2,583.21,0.035,1125.6,0.1,0,1,0,0.38810015029841755
Standard Class,Pacific Asia,Central America,Apparel,Consumer,4,461.74,0.087,1686.27,0.209,4,0,0,0.4366253061517636
Standard Class,Pacific Asia,South America,Beauty,Consumer,4,183.92,0.335,489.23,0.221,4,0,0,0.39936963010609344
Standard Class,LATAM,West Africa,Office Supplies,Consumer,5,168.82,0.302,589.18,0.174,4,0,0,0.41333106176515677
First Class,Africa,Eastern Europe,Beauty,Consumer,2,60.3,0.292,85.38,0.221,1,1,1,0.6251008673293172
Standard Class,USCA,Southeast Asia,Electronics,Corporate,5,440.93,0.307,1527.82,0.25,4,0,0,0.3168142881512332
Standard Class,Pacific Asia,Southeast Asia,Office Supplies,Corporate,1,487.52,0.175,402.2,0.194,4,0,0,0.385247230607355
First Class,Europe,Eastern Asia,Fitness,Consumer,2,125.37,0.235,191.82,0.226,1,0,1,0.6585464322847046
Standard Class,Europe,Eastern Asia,Electronics,Corporate,2,32.14,0.038,61.84,0.009,4,1,0,0.25431544684241886
First Class,Pacific Asia,South America,Electronics,Home Office,4,54.14,0.16,181.91,0.236,1,1,1,0.6481322767726918
Second Class,Europe,Eastern Asia,Apparel,Corporate,2,164.14,0.323,222.25,0.178,2,0,1,0.5305165663017897
First Class,USCA,West Africa,Office Supplies,Consumer,4,512.54,0.022,2005.06,0.173,1,1,1,0.6523692426384481
Standard Class,Pacific Asia,Western Europe,Beauty,Consumer,2,583.8,0.25,875.7,0.349,4,0,0,0.34586408764323745
Second Class,USCA,Central America,Beauty,Consumer,1,367.35,0.019,360.37,0.129,2,1,1,0.5135631455780978
Standard Class,LATAM,Western Europe,Fitness,Consumer,3,595.14,0.243,1351.56,0.271,4,1,0,0.24177348825611894
First Class,Pacific Asia,Central America,Furniture,Corporate,3,29.98,0.182,73.57,0.154,1,0,1,0.6727753767065318
Standard Class,USCA,Eastern Europe,Fitness,Corporate,2,181.07,0.208,286.81,0.223,4,0,0,0.29219764831000594
Standard Class,USCA,West Africa,Office Supplies,Consumer,2,556.11,0.283,797.46,0.291,4,1,0,0.3897804837757157
Standard Class,Europe,South America,Apparel,Consumer,4,560.61,0.323,1518.13,0.062,4,0,0,0.3799938096120342
First Class,Pacific Asia,Western Europe,Apparel,Consumer,4,356.21,0.106,1273.81,0.216,1,0,1,0.6929348641111406
Standard Class,Europe,West Africa,Fitness,Consumer,5,469.96,0.311,1619.01,0.005,4,0,0,0.4926382470752489
Second Class,Pacific Asia,South America,Office Supplies,Consumer,5,53.04,0.164,221.71,0.45,2,0,1,0.5376810102388881
Standard Class,USCA,South America,Furniture,Corporate,4,35.74,0.087,130.52,0.187,4,0,0,0.41098522054194775
Second Class,Europe,Oceania,Apparel,Corporate,1,521.52,0.205,414.61,0.34,2,0,0,0.4822012462067649
Standard Class,LATAM,Eastern Asia,Electronics,Consumer,3,399.56,0.216,939.77,0.243,4,0,0,0.30676743223218655
First Class,LATAM,Eastern Asia,Apparel,Consumer,5,84.42,0.19,341.9,0.338,1,1,1,0.663790373410698
Standard Class,Europe,Eastern Europe,Apparel,Home Office,4,552.99,0.058,2083.67,0.038,4,0,0,0.3275749992396937
Standard Class,USCA,Central America,Beauty,Corporate,3,324.99,0.15,828.72,0.293,4,0,0,0.34715170458747896
Standard Class,USCA,Central America,Fitness,Consumer,5,217.86,0.06,1023.94,0.204,4,0,0,0.38524918485165693
Standard Class,Europe,Oceania,Beauty,Home Office,2,466.82,0.259,691.83,0.243,4,0,0,0.2904626065413509
Second Class,Pacific Asia,Eastern Europe,Electronics,Home Office,5,547.46,0.191,2214.48,0.139,2,0,0,0.4239816136253506
Standard Class,Pacific Asia,Oceania,Office Supplies,Corporate,5,38.29,0.09,174.22,0.242,4,0,0,0.4916893181996952
Second Class,Pacific Asia,Southeast Asia,Furniture,Consumer,1,588.64,0.293,416.17,0.141,2,1,1,0.5747892505536928
First Class,Europe,Western Europe,Furniture,Corporate,3,476.8,0.264,1052.77,0.145,1,1,1,0.5617600695215754
Standard Class,LATAM,Central America,Fitness,Corporate,3,565.23,0.227,1310.77,0.047,4,0,0,0.3446871755354735
First Class,USCA,South America,Apparel,Consumer,1,436.39,0.157,367.88,0.175,1,1,1,0.7052191031756251
Standard Class,Africa,West Africa,Beauty,Consumer,1,598.03,0.249,449.12,0.105,4,0,0,0.4631787412115799
Second Class,USCA,Eastern Europe,Apparel,Consumer,2,58.98,0.103,105.81,0.269,2,0,1,0.5331859417592466
Standard Class,Europe,Oceania,Furniture,Home Office,3,277.03,0.217,650.74,0.297,4,1,0,0.28915909010033436
First Class,Europe,Central America,Beauty,Consumer,4,378.86,0.017,1489.68,0.176,1,1,1,0.6557445552528273
Standard Class,LATAM,Eastern Europe,Apparel,Consumer,1,137.98,0.105,123.49,0.119,4,1,0,0.35943452336394893
First Class,Pacific Asia,West Africa,Furniture,Corporate,3,392.02,0.175,970.25,0.205,1,1,1,0.7035395709972834
Standard Class,Europe,Southeast Asia,Electronics,Home Office,2,369.57,0.093,670.4,0.095,4,0,0,0.31748320761510385
First Class,LATAM,Western Europe,Fitness,Consumer,4,282.98,0.319,770.84,0.136,1,1,1,0.7186303267413411
Standard Class,USCA,South America,Furniture,Consumer,3,81.53,0.338,161.92,0.142,4,1,0,0.32978477107690324
Same Day,Europe,West Africa,Apparel,Home Office,4,444.53,0.156,1500.73,0.263,0,0,0,0.381229542077243
Standard Class,Pacific Asia,Western Europe,Office Supplies,Consumer,5,336.6,0.19,1363.23,0.172,4,0,0,0.459388131264283
Standard Class,Europe,Oceania,Apparel,Consumer,4,60.75,0.32,165.24,0.254,4,1,0,0.3400427239935824
Second Class,Pacific Asia,West Africa,Fitness,Corporate,4,296.84,0.304,826.4,0.24,2,0,1,0.5348665358129032
Standard Class,USCA,Central America,Furniture,Consumer,1,548.72,0.06,515.8,0.087,4,0,0,0.3183431925503982
Same Day,USCA,Central America,Office Supplies,Consumer,2,488.89,0.238,745.07,0.209,0,1,0,0.3103926334146255
Second Class,USCA,Oceania,Electronics,Home Office,4,209.38,0.105,749.58,0.302,2,1,0,0.4785599465170196
Standard Class,Europe,Central America,Beauty,Consumer,2,482.07,0.324,651.76,0.187,4,0,0,0.3290094562784687
First Class,USCA,Central America,Beauty,Home Office,3,58.43,0.343,115.17,0.197,1,1,1,0.6293043305352837
Standard Class,USCA,Central America,Apparel,Consumer,4,276.34,0.263,814.65,0.119,4,0,0,0.4391304464584969
Standard Class,LATAM,Southeast Asia,Fitness,Consumer,2,526.15,0.222,818.69,0.175,4,0,0,0.35960861232488495
Second Class,Africa,Eastern Europe,Furniture,Consumer,1,142.45,0.253,106.41,0.166,2,1,1,0.6250469768020065
Standard Class,Europe,Eastern Europe,Beauty,Corporate,3,525.0,0.244,1190.7,0.29,4,0,0,0.42392930286478175
Standard Class,Pacific Asia,Central America,Beauty,Home Office,5,123.19,0.343,404.68,0.16,4,0,0,0.41886037194363523
Standard Class,USCA,Western Europe,Electronics,Home Office,2,300.68,0.336,399.3,0.086,4,0,0,0.3114430596404848
Standard Class,Europe,Oceania,Fitness,Consumer,2,474.62,0.001,948.29,0.224,4,0,0,0.33565834900753777
Standard Class,USCA,South America,Electronics,Consumer,4,203.92,0.321,553.85,0.18,4,0,0,0.44961655494472846
Standard Class,Europe,Eastern Europe,Apparel,Consumer,3,564.89,0.26,1254.06,0.282,4,0,0,0.36258343945865257
Same Day,USCA,Eastern Europe,Fitness,Consumer,3,261.11,0.322,531.1,0.226,0,1,1,0.5014234028016666
Second Class,Pacific Asia,Southeast Asia,Apparel,Consumer,3,313.63,0.002,939.01,0.38,2,0,0,0.4832439551740028
Second Class,Africa,West Africa,Apparel,Corporate,5,268.59,0.07,1248.94,0.249,2,1,1,0.5933894134558987
First Class,Pacific Asia,Central America,Furniture,Consumer,3,412.53,0.306,858.89,0.228,1,1,1,0.6857622263611988
First Class,Pacific Asia,Oceania,Fitness,Consumer,5,407.58,0.033,1970.65,0.428,1,1,1,0.5527143542228499
Standard Class,USCA,Southeast Asia,Apparel,Corporate,3,375.5,0.258,835.86,0.148,4,0,0,0.3949463047066658
Standard Class,Africa,Oceania,Furniture,Corporate,4,211.07,0.27,616.32,0.228,4,1,1,0.5503733579960047
Second Class,Europe,Western Europe,Apparel,Corporate,2,356.39,0.06,670.01,-0.1,2,1,0,0.34004510300448487
Same Day,Pacific Asia,Western Europe,Beauty,Home Office,1,438.16,0.254,326.87,0.206,0,0,0,0.3832015608234402
First Class,USCA,Eastern Europe,Furniture,Corporate,2,414.76,0.149,705.92,0.052,1,0,1,0.6656315230211758
Standard Class,Africa,Eastern Asia,Apparel,Home Office,5,191.87,0.294,677.3,0.141,4,1,1,0.5425773451425384
Standard Class,Pacific Asia,South America,Fitness,Consumer,2,564.11,0.005,1122.58,0.244,4,0,0,0.29975161328796945
Standard Class,LATAM,Eastern Asia,Furniture,Consumer,5,21.34,0.193,86.11,0.209,4,0,0,0.30825901023732627
Standard Class,USCA,West Africa,Office Supplies,Consumer,1,390.38,0.063,365.79,0.055,4,0,0,0.42502665090170244
Standard Class,USCA,Eastern Asia,Apparel,Corporate,1,59.57,0.136,51.47,0.323,4,1,0,0.3716677521051867
Standard Class,Africa,South America,Beauty,Corporate,4,435.79,0.317,1190.58,0.191,4,1,0,0.47890018709269977
Second Class,USCA,South America,Office Supplies,Consumer,1,331.3,0.337,219.65,0.052,2,0,0,0.3950826067899609
Standard Class,Africa,Eastern Europe,Beauty,Home Office,1,332.25,0.081,305.34,0.27,4,1,0,0.4148859829501913
Standard Class,Africa,West Africa,Electronics,Corporate,1,254.61,0.131,221.26,0.253,4,1,0,0.41070349005121876
Standard Class,Pacific Asia,West Africa,Apparel,Corporate,4,133.71,0.13,465.31,0.112,4,0,0,0.4722037201829541
First Class,Pacific Asia,Eastern Asia,Apparel,Consumer,2,226.75,0.105,405.88,0.426,1,1,1,0.6618765783994722
First Class,LATAM,Western Europe,Fitness,Consumer,5,317.25,0.019,1556.11,0.16,1,0,1,0.7323054517535117
Same Day,Pacific Asia,South America,Office Supplies,Consumer,3,289.15,0.094,785.91,-0.001,0,1,0,0.3830018160000894
Standard Class,USCA,West Africa,Apparel,Consumer,1,172.54,0.21,136.31,0.247,4,0,0,0.4027572959694278
Same Day,Africa,Oceania,Office Supplies,Corporate,3,596.22,0.099,1611.58,0.198,0,0,0,0.45787777458597234
Standard Class,Pacific Asia,Eastern Europe,Apparel,Consumer,4,527.84,0.318,1439.95,0.344,4,1,0,0.4295543900988108
Standard Class,LATAM,West Africa,Electronics,Consumer,4,398.79,0.186,1298.46,0.19,4,0,0,0.4323204474217224
Second Class,USCA,Oceania,Electronics,Consumer,1,551.96,0.126,482.41,0.269,2,1,0,0.4359349827170723
Same Day,Pacific Asia,Eastern Asia,Fitness,Corporate,5,434.71,0.149,1849.69,0.175,0,1,0,0.4578791572211899
Standard Class,Europe,Central America,Electronics,Home Office,2,159.04,0.041,305.04,0.149,4,0,0,0.30879113055651936
Standard Class,Africa,Eastern Asia,Office Supplies,Consumer,5,162.91,0.222,633.72,0.143,4,0,0,0.4092228338491565
Standard Class,LATAM,Oceania,Apparel,Consumer,4,309.09,0.072,1147.34,0.227,4,0,0,0.368023131287401
Second Class,Europe,Central America,Beauty,Home Office,1,523.42,0.068,487.83,0.239,2,1,0,0.4246962828760488
Second Class,LATAM,Central America,Furniture,Home Office,4,349.19,0.297,981.92,0.277,2,1,1,0.5711365201672043
Standard Class,Pacific Asia,Western Europe,Furniture,Consumer,5,237.66,0.106,1062.34,0.307,4,1,0,0.3955002651788919
Standard Class,Europe,South America,Fitness,Consumer,2,484.64,0.241,735.68,0.251,4,0,0,0.24246469979962504
Standard Class,Europe,Oceania,Furniture,Home Office,1,314.86,0.169,261.65,0.178,4,1,0,0.30936964926510274
First Class,Africa,West Africa,Office Supplies,Consumer,4,415.17,0.013,1639.09,0.162,1,0,1,0.7163233385415805
Standard Class,Africa,Eastern Europe,Furniture,Corporate,2,468.34,0.004,932.93,0.126,4,1,0,0.47993491325297644
Second Class,LATAM,Oceania,Beauty,Consumer,1,333.23,0.192,269.25,0.073,2,0,0,0.48014632534359053
Second Class,USCA,South America,Fitness,Corporate,4,428.8,0.145,1466.5,-0.1,2,0,0,0.38610347904287734
Second Class,USCA,Eastern Asia,Apparel,Consumer,3,160.42,0.282,345.54,0.189,2,1,1,0.5075289186813836
Standard Class,Pacific Asia,South America,Fitness,Consumer,5,171.83,0.019,842.83,0.245,4,1,0,0.3100446907539079
Standard Class,Europe,South America,Beauty,Corporate,4,116.35,0.322,315.54,0.219,4,0,0,0.42959707853101614
Second Class,LATAM,Eastern Asia,Electronics,Corporate,2,513.94,0.27,750.35,0.26,2,0,0,0.47632227048807474
Standard Class,Africa,Southeast Asia,Furniture,Home Office,5,189.01,0.024,922.37,0.059,4,0,1,0.525502552941408
Standard Class,Europe,Eastern Asia,Furniture,Consumer,4,214.52,0.088,782.57,0.105,4,0,0,0.34500064309949274
Standard Class,LATAM,Eastern Asia,Apparel,Consumer,2,471.34,0.011,932.31,0.161,4,0,0,0.33841649791341905
Standard Class,Africa,South America,Fitness,Consumer,1,533.35,0.035,514.68,0.287,4,0,0,0.38689560463083855
First Class,Pacific Asia,Eastern Asia,Fitness,Home Office,4,283.53,0.21,895.95,0.249,1,1,1,0.6108523890202805
Second Class,Pacific Asia,Eastern Asia,Electronics,Consumer,5,147.12,0.246,554.64,0.286,2,1,1,0.6035243793339986
Standard Class,Africa,West Africa,Fitness,Consumer,3,212.66,0.122,560.15,0.143,4,1,0,0.4021261261315152
Standard Class,USCA,Eastern Asia,Fitness,Consumer,3,152.0,0.004,454.18,0.185,4,0,0,0.3647351146981581
Standard Class,Europe,Oceania,Office Supplies,Home Office,3,249.73,0.092,680.26,0.12,4,0,0,0.2638844964555882
Standard Class,Africa,South America,Electronics,Home Office,3,527.24,0.063,1482.07,0.11,4,1,0,0.3829317131110361
Standard Class,Africa,Western Europe,Beauty,Home Office,1,420.26,0.297,295.44,-0.054,4,1,0,0.4908531670213543
Standard Class,Europe,Oceania,Electronics,Corporate,2,563.92,0.22,879.72,0.165,4,0,0,0.276149719156006
Standard Class,Africa,Western Europe,Fitness,Corporate,2,316.38,0.134,547.97,0.254,4,0,0,0.3772402375053279
Standard Class,Europe,Southeast Asia,Furniture,Home Office,3,369.4,0.069,1031.73,0.205,4,0,0,0.3037902163122822
Standard Class,LATAM,Eastern Asia,Fitness,Corporate,2,91.82,0.1,165.28,0.187,4,0,0,0.3608024209321804
First Class,Pacific Asia,Oceania,Beauty,Consumer,3,358.73,0.039,1034.22,0.089,1,0,1,0.706459666474492
Same Day,Africa,South America,Electronics,Consumer,2,401.45,0.041,769.98,0.212,0,0,0,0.47660474576265566
Standard Class,USCA,Eastern Asia,Fitness,Consumer,3,93.34,0.287,199.65,0.17,4,0,0,0.31179110613146577
Standard Class,Africa,Oceania,Beauty,Corporate,3,344.93,0.109,922.0,0.295,4,0,0,0.3819311016115514
Standard Class,Europe,Southeast Asia,Office Supplies,Corporate,3,481.54,0.129,1258.26,0.238,4,0,0,0.2737727535179525
Standard Class,USCA,Western Europe,Electronics,Home Office,2,178.6,0.252,267.19,0.254,4,1,0,0.308472280060201
Second Class,Pacific Asia,Central America,Apparel,Corporate,3,348.78,0.086,956.35,0.208,2,1,1,0.5828182830731149
Second Class,Europe,Central America,Furniture,Consumer,4,215.49,0.334,574.07,0.181,2,0,1,0.607428127011973
Standard Class,Africa,Western Europe,Beauty,Consumer,2,414.43,0.054,784.1,0.155,4,0,0,0.37467624380167536
Standard Class,LATAM,Southeast Asia,Apparel,Consumer,5,275.32,0.134,1192.14,0.095,4,0,0,0.39799113227844796
Standard Class,Europe,Central America,Beauty,Corporate,5,285.76,0.182,1168.76,0.313,4,0,0,0.3607798697895702
Standard Class,Europe,West Africa,Furniture,Home Office,4,558.17,0.048,2125.51,0.12,4,1,0,0.44688304061362616
Second Class,Europe,Oceania,Beauty,Consumer,4,76.35,0.092,277.3,0.203,2,0,0,0.490446647371506
Standard Class,Europe,Eastern Asia,Beauty,Consumer,1,233.64,0.179,191.82,0.244,4,0,0,0.28527198735515086
Second Class,Europe,Oceania,Office Supplies,Corporate,4,494.17,0.322,1340.19,0.096,2,0,0,0.4273770465472671
Second Class,USCA,Eastern Asia,Apparel,Home Office,2,59.3,0.31,81.83,0.262,2,0,0,0.38639818282000227
Standard Class,Africa,Eastern Asia,Furniture,Corporate,5,575.67,0.299,2017.72,0.128,4,0,1,0.5693997216002707
Standard Class,LATAM,Southeast Asia,Electronics,Home Office,5,159.41,0.176,656.77,0.076,4,0,0,0.3360885666033906
Second Class,Europe,Eastern Asia,Electronics,Home Office,1,300.65,0.301,210.15,0.154,2,0,0,0.4564523200716275
Second Class,LATAM,West Africa,Apparel,Consumer,5,29.06,0.163,121.62,-0.024,2,1,0,0.4404459914767622
First Class,Europe,Oceania,Electronics,Corporate,3,166.12,0.341,328.42,0.359,1,1,1,0.6541091757284243
Standard Class,Africa,South America,Beauty,Corporate,5,223.91,0.075,1035.58,0.186,4,0,0,0.4586352330035421
Standard Class,USCA,Eastern Asia,Apparel,Consumer,5,471.4,0.073,2184.94,0.081,4,0,0,0.35452618499534766
Standard Class,Pacific Asia,Eastern Asia,Fitness,Consumer,1,58.5,0.344,38.38,0.053,4,0,0,0.3565968341570132
Standard Class,USCA,Eastern Europe,Office Supplies,Home Office,5,81.68,0.032,395.33,0.242,4,0,0,0.32177209665185663
Standard Class,Pacific Asia,Eastern Europe,Electronics,Consumer,4,117.39,0.313,322.59,0.136,4,1,1,0.5029718329208108
Standard Class,Europe,South America,Furniture,Home Office,5,500.4,0.059,2354.38,0.138,4,0,0,0.33338263324119727
Standard Class,USCA,Eastern Asia,Fitness,Consumer,2,444.62,0.186,723.84,0.168,4,1,0,0.31500568635709175
Second Class,Pacific Asia,West Africa,Furniture,Consumer,3,455.74,0.012,1350.81,0.354,2,0,1,0.5181070265323677
First Class,LATAM,Central America,Apparel,Consumer,3,599.49,0.168,1496.33,0.103,1,1,1,0.6112322337520968
Second Class,Pacific Asia,Central America,Apparel,Consumer,1,322.6,0.141,277.11,0.107,2,0,1,0.6010423123890946
First Class,Pacific Asia,Western Europe,Electronics,Home Office,3,355.98,0.242,809.5,0.154,1,1,1,0.610930061258183
Standard Class,USCA,South America,Office Supplies,Corporate,4,372.05,0.001,1486.71,0.052,4,0,0,0.4016755765836999
Standard Class,LATAM,West Africa,Office Supplies,Corporate,5,398.18,0.023,1945.11,0.264,4,1,0,0.33702380336285515
Standard Class,Europe,Eastern Asia,Furniture,Consumer,2,195.94,0.045,374.25,0.078,4,0,0,0.24834592525189922
Standard Class,LATAM,Eastern Asia,Office Supplies,Consumer,5,478.94,0.279,1726.58,0.185,4,1,0,0.4411981807783048
First Class,USCA,Southeast Asia,Electronics,Consumer,5,598.24,0.243,2264.34,0.137,1,1,1,0.5949513794051635
Second Class,Africa,Eastern Asia,Electronics,Consumer,4,211.98,0.091,770.76,0.142,2,0,1,0.5972872861063665
Standard Class,Africa,Eastern Asia,Office Supplies,Home Office,1,230.41,0.339,152.3,0.341,4,1,0,0.48496175508399436
First Class,USCA,West Africa,Beauty,Home Office,1,543.19,0.212,428.03,0.212,1,0,1,0.7229922822347307
Standard Class,USCA,Oceania,Office Supplies,Home Office,3,336.52,0.307,699.63,0.186,4,0,0,0.3521668042502312
Standard Class,USCA,Oceania,Beauty,Home Office,4,478.66,0.326,1290.47,0.071,4,1,0,0.3910334206201508
Standard Class,USCA,South America,Furniture,Consumer,2,192.42,0.093,349.05,0.203,4,0,0,0.340335902768684
First Class,USCA,Central America,Fitness,Corporate,2,176.57,0.03,342.55,0.42,1,0,1,0.5718317814603152
Same Day,LATAM,Southeast Asia,Beauty,Corporate,4,285.1,0.225,883.81,0.059,0,1,1,0.5199265137241554
Standard Class,Pacific Asia,Southeast Asia,Office Supplies,Home Office,5,409.66,0.066,1913.11,0.228,4,0,0,0.290698787887772
Second Class,USCA,Central America,Fitness,Corporate,4,467.46,0.112,1660.42,0.169,2,1,1,0.537328389628693
First Class,LATAM,Southeast Asia,Furniture,Consumer,4,494.89,0.134,1714.3,0.087,1,1,1,0.7080639318096196
Same Day,Europe,Oceania,Fitness,Consumer,1,348.53,0.344,228.64,0.146,0,0,1,0.509387074245858
Standard Class,Africa,South America,Electronics,Home Office,3,114.03,0.111,304.12,0.235,4,0,0,0.40151847307990174
Standard Class,Africa,Oceania,Fitness,Consumer,5,500.6,0.039,2405.38,0.118,4,0,1,0.5307605916536143
Second Class,USCA,Eastern Europe,Office Supplies,Consumer,5,346.61,0.085,1585.74,0.26,2,1,0,0.4374113686980202
Standard Class,Europe,Central America,Furniture,Consumer,5,307.35,0.236,1174.08,0.157,4,0,0,0.3600533729292672
Standard Class,Europe,Oceania,Fitness,Consumer,4,323.18,0.077,1193.18,0.088,4,0,0,0.3201180177285474
Standard Class,USCA,West Africa,Office Supplies,Consumer,1,193.12,0.237,147.35,0.361,4,0,0,0.4146705899158832
Standard Class,Africa,Southeast Asia,Electronics,Consumer,1,491.55,0.182,402.09,0.124,4,0,0,0.4945299083639253
Standard Class,Europe,Central America,Apparel,Home Office,4,341.56,0.276,989.16,0.208,4,0,0,0.35387466386478994
Standard Class,USCA,Southeast Asia,Furniture,Home Office,2,525.93,0.014,1037.13,-0.033,4,0,0,0.3473671435784786
Standard Class,Africa,Eastern Asia,Apparel,Consumer,4,484.22,0.106,1731.57,0.087,4,0,1,0.5490433912504716
Standard Class,Africa,Western Europe,Electronics,Consumer,3,360.99,0.32,736.42,0.238,4,1,1,0.5517426110459137
First Class,LATAM,Eastern Europe,Fitness,Home Office,4,261.36,0.246,788.26,0.2,1,0,1,0.6972801382565512
Standard Class,LATAM,Central America,Beauty,Consumer,4,292.69,0.057,1104.03,0.301,4,0,0,0.37807713794927583
Standard Class,USCA,Central America,Electronics,Home Office,2,151.26,0.048,288.0,0.178,4,1,0,0.2968506985924727
Standard Class,Pacific Asia,West Africa,Apparel,Consumer,5,40.03,0.03,194.15,0.171,4,0,0,0.34854689314874737
Standard Class,Europe,West Africa,Beauty,Consumer,3,112.41,0.331,225.61,0.206,4,1,0,0.37980381543273456
First Class,LATAM,South America,Furniture,Home Office,1,65.34,0.164,54.62,0.026,1,0,1,0.5824018925732883
Standard Class,Africa,South America,Apparel,Corporate,5,92.05,0.025,448.74,0.134,4,0,0,0.4428524685145912
First Class,Europe,Western Europe,Electronics,Consumer,2,55.85,0.349,72.72,0.096,1,0,1,0.543215434442647
Second Class,Pacific Asia,Eastern Asia,Fitness,Consumer,3,258.87,0.27,566.93,0.198,2,1,1,0.5683616638314483
First Class,Europe,Eastern Europe,Furniture,Corporate,2,436.46,0.226,675.64,0.167,1,0,1,0.6524514723565492
Standard Class,LATAM,Central America,Beauty,Consumer,3,96.27,0.269,211.12,0.128,4,0,0,0.333779818641322
Standard Class,USCA,West Africa,Office Supplies,Home Office,3,387.94,0.009,1153.35,0.21,4,0,0,0.43558189706191996
Standard Class,LATAM,West Africa,Apparel,Consumer,1,538.81,0.004,536.65,0.425,4,0,0,0.32725148268367954
First Class,Pacific Asia,Oceania,Office Supplies,Corporate,5,65.0,0.159,273.32,0.027,1,0,1,0.6447855166757913
Second Class,Africa,Eastern Asia,Beauty,Home Office,2,268.12,0.295,378.05,0.058,2,0,1,0.590066763986812
Standard Class,LATAM,West Africa,Apparel,Home Office,2,80.93,0.206,128.52,0.193,4,1,0,0.40700136500181416
Second Class,USCA,Central America,Fitness,Corporate,3,584.54,0.328,1178.43,0.147,2,0,1,0.5066192832445116
Second Class,LATAM,Oceania,Beauty,Corporate,1,336.82,0.124,295.05,0.095,2,0,0,0.4585569308600697
Second Class,Pacific Asia,Southeast Asia,Apparel,Consumer,5,416.34,0.317,1421.8,0.24,2,1,1,0.5358960279898127
Standard Class,Europe,Eastern Asia,Fitness,Corporate,1,272.29,0.235,208.3,0.178,4,0,0,0.21483690683427126
First Class,Europe,Central America,Furniture,Home Office,5,388.05,0.303,1352.35,0.164,1,0,1,0.6618067556006307
Standard Class,Pacific Asia,Eastern Europe,Fitness,Consumer,3,116.45,0.072,324.2,0.0,4,1,0,0.39662559263260383
First Class,Europe,Western Europe,Office Supplies,Consumer,5,266.28,0.234,1019.85,0.24,1,0,1,0.6939676375708902
Standard Class,Europe,Central America,Apparel,Corporate,1,292.35,0.264,215.17,0.279,4,0,0,0.2987193676238233
Standard Class,Africa,South America,Electronics,Corporate,3,205.99,0.191,499.94,0.34,4,0,0,0.39446905728678777
Second Class,Pacific Asia,Western Europe,Furniture,Corporate,1,413.54,0.313,284.1,0.326,2,0,0,0.44758246081432473
Standard Class,USCA,Eastern Europe,Electronics,Corporate,1,582.85,0.239,443.55,0.292,4,0,0,0.3000971839358493
Standard Class,LATAM,Eastern Asia,Beauty,Consumer,3,387.21,0.082,1066.38,0.154,4,1,0,0.3314890123995217
Standard Class,Europe,Oceania,Office Supplies,Consumer,5,83.09,0.179,341.08,0.117,4,0,0,0.3551968217155974
Standard Class,Pacific Asia,Eastern Europe,Fitness,Consumer,3,48.31,0.304,100.87,0.223,4,0,0,0.43775541930560685
First Class,LATAM,Southeast Asia,Office Supplies,Consumer,2,233.25,0.074,431.98,0.064,1,1,1,0.6884421454520335
Standard Class,Africa,Southeast Asia,Office Supplies,Consumer,1,224.41,0.044,214.54,0.257,4,0,0,0.4682256237580901
Second Class,Africa,Western Europe,Office Supplies,Consumer,2,487.19,0.049,926.64,0.197,2,1,1,0.5500432317242504
Standard Class,Africa,West Africa,Beauty,Consumer,1,531.09,0.041,509.32,0.218,4,0,0,0.41206329341233344
Standard Class,Europe,Central America,Apparel,Corporate,3,265.15,0.305,552.84,0.151,4,0,0,0.35645441731675015
Standard Class,Pacific Asia,Eastern Asia,Apparel,Consumer,3,565.78,0.303,1183.05,0.019,4,1,0,0.38453896542538407
Same Day,USCA,South America,Beauty,Corporate,5,437.32,0.35,1421.29,0.104,0,0,0,0.41580797217543913
Second Class,Africa,South America,Office Supplies,Home Office,4,425.2,0.293,1202.47,0.034,2,0,1,0.5198186652299693
Standard Class,Europe,Eastern Europe,Furniture,Corporate,2,353.18,0.114,625.83,0.04,4,0,0,0.31005950046543357
Standard Class,LATAM,Central America,Furniture,Corporate,2,230.91,0.037,444.73,0.213,4,0,0,0.26482953757090955
Standard Class,USCA,West Africa,Beauty,Consumer,1,487.42,0.268,356.79,0.148,4,1,0,0.3697551622600123
First Class,Africa,West Africa,Office Supplies,Consumer,1,393.63,0.309,272.0,0.17,1,1,1,0.7317071982321096
Same Day,Africa,Central America,Beauty,Consumer,3,347.32,0.31,718.95,0.404,0,0,0,0.3933923103393626
Standard Class,Pacific Asia,South America,Fitness,Consumer,2,411.67,0.323,557.4,0.219,4,0,0,0.3544468724609562
Standard Class,USCA,Western Europe,Beauty,Corporate,5,541.25,0.172,2240.78,0.194,4,0,0,0.38424845080862435
Standard Class,Pacific Asia,Western Europe,Office Supplies,Consumer,1,216.78,0.159,182.31,0.184,4,1,0,0.3777501419019433
Second Class,Africa,Eastern Europe,Beauty,Home Office,5,22.04,0.154,93.23,0.066,2,1,1,0.6043806934781442
Standard Class,USCA,Southeast Asia,Office Supplies,Corporate,1,503.52,0.268,368.58,0.142,4,0,0,0.4227263580230513
Second Class,LATAM,West Africa,Office Supplies,Consumer,2,148.64,0.051,282.12,0.135,2,1,1,0.5515966794130998
Standard Class,Europe,Eastern Europe,Electronics,Consumer,1,291.03,0.17,241.55,0.187,4,0,0,0.3119925220638343
Standard Class,Europe,Oceania,Apparel,Corporate,1,67.93,0.08,62.5,-0.02,4,0,0,0.2863808831500033
Standard Class,LATAM,West Africa,Fitness,Consumer,4,372.69,0.183,1217.95,0.333,4,0,0,0.3611468069174609
Standard Class,Europe,Eastern Asia,Office Supplies,Consumer,2,488.0,0.042,935.01,0.255,4,1,0,0.2645743865484211
Standard Class,Pacific Asia,Southeast Asia,Beauty,Consumer,5,85.33,0.293,301.64,0.136,4,1,0,0.39606570970665567
Standard Class,USCA,Eastern Asia,Furniture,Corporate,2,299.78,0.197,481.45,0.242,4,0,0,0.3268809118558068
Standard Class,USCA,Western Europe,Furniture,Consumer,3,339.87,0.02,999.22,0.3,4,0,0,0.328687637928276
Standard Class,Pacific Asia,Central America,Electronics,Home Office,3,59.17,0.336,117.87,0.334,4,0,0,0.3042042009356562
Standard Class,USCA,Southeast Asia,Electronics,Consumer,2,340.37,0.2,544.59,0.186,4,0,0,0.3766277280599686
First Class,Pacific Asia,Southeast Asia,Electronics,Corporate,5,433.05,0.183,1769.01,0.083,1,1,1,0.654275020773637
Standard Class,LATAM,South America,Fitness,Corporate,1,392.24,0.205,311.83,0.028,4,0,0,0.2978804107787241
First Class,LATAM,Southeast Asia,Electronics,Corporate,3,65.35,0.263,144.49,0.152,1,0,1,0.6678858863062026
Standard Class,LATAM,Eastern Asia,Fitness,Consumer,4,562.92,0.112,1999.49,0.261,4,1,0,0.4537210601784363
First Class,Pacific Asia,Western Europe,Apparel,Consumer,1,83.81,0.006,83.31,0.066,1,1,1,0.5369689576574651
First Class,Europe,South America,Office Supplies,Home Office,1,141.05,0.043,134.98,0.133,1,0,0,0.49302225174794256
Second Class,USCA,South America,Beauty,Corporate,3,64.34,0.161,161.94,0.323,2,0,0,0.4581352597321661
Standard Class,Pacific Asia,West Africa,Furniture,Home Office,3,276.79,0.142,712.46,0.126,4,0,1,0.5086248058476007
Standard Class,LATAM,Eastern Asia,Beauty,Consumer,4,485.18,0.001,1938.78,0.165,4,0,1,0.5097708427209059
Standard Class,Pacific Asia,Central America,Furniture,Corporate,1,247.59,0.066,231.25,0.249,4,0,0,0.3994543952159914
Standard Class,Pacific Asia,South America,Fitness,Corporate,1,234.91,0.236,179.47,0.142,4,0,0,0.4190303855946366
Standard Class,Europe,Oceania,Beauty,Consumer,4,326.92,0.271,953.3,0.307,4,0,0,0.3291541651184288
Standard Class,Pacific Asia,South America,Apparel,Home Office,4,20.79,0.051,78.92,-0.064,4,0,0,0.3050447400096588
Second Class,LATAM,South America,Office Supplies,Home Office,3,20.37,0.007,60.68,-0.082,2,1,0,0.3050118252151217
Standard Class,Pacific Asia,Oceania,Apparel,Corporate,4,573.82,0.174,1895.9,0.259,4,0,0,0.43506585686436144
Same Day,USCA,Oceania,Fitness,Corporate,3,579.71,0.095,1573.91,0.182,0,0,0,0.4876620647059386
First Class,Europe,West Africa,Electronics,Consumer,5,298.57,0.293,1055.44,0.069,1,1,1,0.7429268181721234
Second Class,LATAM,Eastern Asia,Fitness,Consumer,4,532.78,0.143,1826.37,0.17,2,1,1,0.5556927003418801
Second Class,USCA,Oceania,Fitness,Corporate,4,269.52,0.238,821.5,-0.01,2,1,0,0.33868368451389413
Second Class,Africa,Central America,Apparel,Consumer,5,193.16,0.197,775.54,0.269,2,0,1,0.6795216961514379
Standard Class,LATAM,Eastern Asia,Office Supplies,Home Office,2,268.62,0.086,491.04,0.311,4,0,0,0.263506034003581
Same Day,Pacific Asia,Western Europe,Beauty,Corporate,3,21.1,0.145,54.12,0.224,0,0,0,0.4471125577642742
Standard Class,USCA,Oceania,Furniture,Home Office,1,287.92,0.102,258.55,0.243,4,0,0,0.3242341144948269
Standard Class,LATAM,West Africa,Office Supplies,Consumer,1,146.29,0.091,132.98,0.116,4,0,0,0.34612969696668894
Standard Class,Europe,Southeast Asia,Apparel,Consumer,5,400.03,0.061,1878.14,0.052,4,0,0,0.3427223620193823
Standard Class,USCA,Central America,Beauty,Corporate,3,493.09,0.327,995.55,0.335,4,1,0,0.35157567150775115
Second Class,Pacific Asia,Southeast Asia,Electronics,Consumer,3,169.63,0.21,402.02,0.173,2,0,1,0.6286625190376336
Second Class,Europe,South America,Office Supplies,Consumer,2,280.41,0.212,441.93,0.148,2,0,0,0.4821667828537104
Second Class,Europe,Oceania,Apparel,Corporate,1,180.97,0.135,156.54,0.25,2,1,1,0.5333132826993691
Standard Class,LATAM,West Africa,Beauty,Consumer,4,354.51,0.167,1181.23,0.241,4,0,0,0.40014617639069405
Standard Class,Europe,South America,Beauty,Consumer,4,420.86,0.294,1188.51,0.232,4,0,0,0.35113263608704465
Standard Class,Europe,Southeast Asia,Apparel,Corporate,1,563.17,0.05,535.01,0.079,4,0,0,0.277356482295257
Standard Class,Pacific Asia,West Africa,Beauty,Consumer,2,260.93,0.094,472.81,0.379,4,0,0,0.2926443237335215
Standard Class,Europe,West Africa,Office Supplies,Consumer,4,270.47,0.127,944.48,0.229,4,0,0,0.47077463249320456
Standard Class,USCA,Oceania,Office Supplies,Consumer,3,33.12,0.11,88.43,0.186,4,0,0,0.4186022224018349
First Class,LATAM,Eastern Asia,Office Supplies,Corporate,1,142.58,0.212,112.35,0.185,1,1,1,0.5731108080565531
Standard Class,Europe,West Africa,Office Supplies,Corporate,3,232.99,0.263,515.14,0.273,4,0,0,0.3388236296974084
Standard Class,USCA,Southeast Asia,Electronics,Home Office,1,568.75,0.037,547.71,0.137,4,1,0,0.33087775133593733
First Class,Pacific Asia,Eastern Europe,Electronics,Consumer,4,539.37,0.332,1441.2,0.307,1,1,1,0.6327687168824087
Second Class,USCA,Southeast Asia,Furniture,Corporate,5,599.8,0.324,2027.32,0.21,2,1,0,0.4152715622966338
Standard Class,USCA,Southeast Asia,Fitness,Consumer,1,325.79,0.213,256.4,0.254,4,1,0,0.2899112589750789
Standard Class,LATAM,South America,Electronics,Consumer,3,340.38,0.116,902.69,0.164,4,0,0,0.3585717653069675
Second Class,Africa,Oceania,Electronics,Consumer,3,158.51,0.31,328.12,0.031,2,0,0,0.3923029703557455
Standard Class,LATAM,South America,Electronics,Consumer,3,452.41,0.295,956.85,0.252,4,0,0,0.34557180148088334
Standard Class,LATAM,West Africa,Furniture,Corporate,5,112.88,0.076,521.51,0.112,4,0,0,0.34847656033471125
Standard Class,USCA,Eastern Europe,Apparel,Consumer,4,264.52,0.154,895.14,0.126,4,0,0,0.3941524903549008
Second Class,LATAM,South America,Apparel,Consumer,4,597.33,0.206,1897.12,0.374,2,0,1,0.5647820338941598
Same Day,Europe,Eastern Europe,Office Supplies,Consumer,1,479.91,0.261,354.65,0.33,0,0,0,0.337032180012293
First Class,Africa,South America,Office Supplies,Consumer,5,143.69,0.275,520.88,0.105,1,1,1,0.6924154798640297
Second Class,Africa,West Africa,Fitness,Consumer,3,99.84,0.303,208.77,0.012,2,1,1,0.5261174530731536
First Class,USCA,Eastern Europe,Beauty,Corporate,4,159.86,0.3,447.61,0.052,1,1,1,0.7688200981219137
Standard Class,USCA,Southeast Asia,Apparel,Consumer,4,484.05,0.312,1332.11,0.206,4,0,0,0.38402387077476346
Standard Class,Africa,Oceania,Beauty,Consumer,4,570.7,0.244,1725.8,0.218,4,1,0,0.48926876526588287
Second Class,USCA,Eastern Asia,Electronics,Consumer,1,361.41,0.282,259.49,0.182,2,1,0,0.4790886999584236
Standard Class,USCA,South America,Office Supplies,Corporate,1,495.9,0.243,375.4,0.388,4,0,0,0.25802755909109004
Same Day,USCA,Southeast Asia,Office Supplies,Corporate,4,124.98,0.033,483.42,0.231,0,1,0,0.46046583298788185
Standard Class,Pacific Asia,Southeast Asia,Electronics,Consumer,2,396.39,0.156,669.11,0.219,4,0,0,0.4239371256239354
Standard Class,USCA,Central America,Electronics,Corporate,5,274.85,0.256,1022.44,0.101,4,0,0,0.44306137360435477
First Class,Pacific Asia,Southeast Asia,Furniture,Consumer,3,431.65,0.149,1102.0,0.267,1,1,1,0.7472568347124554
Standard Class,LATAM,Western Europe,Apparel,Consumer,2,354.1,0.315,485.12,0.023,4,0,0,0.28338949868620494
Standard Class,Pacific Asia,Western Europe,Office Supplies,Consumer,3,32.27,0.286,69.12,0.369,4,0,0,0.4037096655857853
Second Class,LATAM,Southeast Asia,Furniture,Consumer,3,115.19,0.075,319.65,0.398,2,1,1,0.5510869922058288
First Class,USCA,West Africa,Apparel,Corporate,4,447.5,0.131,1555.51,0.092,1,0,1,0.6699308691389453
Standard Class,Pacific Asia,Eastern Asia,Furniture,Consumer,1,380.52,0.304,264.84,0.106,4,0,0,0.40548940686665563
Standard Class,USCA,Western Europe,Office Supplies,Consumer,4,581.26,0.35,1511.28,0.014,4,0,0,0.36347245347928875
Second Class,USCA,Western Europe,Apparel,Consumer,3,415.21,0.074,1153.45,0.265,2,0,0,0.4838269915028009
Standard Class,Pacific Asia,Eastern Asia,Beauty,Corporate,2,327.26,0.294,462.09,-0.041,4,0,0,0.4043089760471819
Standard Class,LATAM,Southeast Asia,Apparel,Consumer,1,335.36,0.106,299.81,0.07,4,0,0,0.36923598676477754
Standard Class,Africa,Western Europe,Beauty,Consumer,2,375.93,0.056,709.76,0.278,4,0,0,0.349151213510501
First Class,Pacific Asia,Eastern Asia,Electronics,Corporate,2,217.28,0.154,367.64,0.296,1,1,1,0.6727610421105544
Second Class,LATAM,Eastern Europe,Office Supplies,Corporate,2,42.35,0.331,56.66,0.281,2,1,0,0.45549674483588615
Standard Class,Africa,Central America,Apparel,Consumer,4,249.09,0.349,648.63,0.244,4,1,1,0.55921296756197
Standard Class,Europe,South America,Fitness,Corporate,1,65.69,0.342,43.22,0.14,4,1,0,0.22695114402431849
Standard Class,USCA,Western Europe,Apparel,Consumer,4,97.98,0.161,328.82,0.155,4,0,0,0.3886679888267983
Same Day,LATAM,Oceania,Beauty,Consumer,1,67.88,0.049,64.55,-0.022,0,0,0,0.41622641967737384
Standard Class,Europe,Western Europe,Apparel,Corporate,5,520.83,0.09,2369.78,-0.001,4,0,0,0.316584835895009
Standard Class,USCA,West Africa,Fitness,Consumer,3,519.63,0.307,1080.31,0.158,4,1,0,0.44538547148150687
Standard Class,USCA,Central America,Electronics,Consumer,4,127.9,0.186,416.44,0.146,4,1,1,0.5131799278828036
Second Class,LATAM,West Africa,Apparel,Consumer,1,174.96,0.18,143.47,0.077,2,1,1,0.5255222894646077
Second Class,USCA,Southeast Asia,Electronics,Consumer,1,286.83,0.337,190.17,0.297,2,1,0,0.4689557341478565
Standard Class,USCA,Western Europe,Fitness,Corporate,2,128.05,0.083,234.84,0.099,4,0,0,0.3009669147754936
Standard Class,Pacific Asia,South America,Office Supplies,Home Office,2,159.35,0.184,260.06,0.015,4,0,0,0.4620471420883968
Same Day,Europe,West Africa,Beauty,Corporate,3,444.79,0.193,1076.84,0.056,0,0,0,0.3597927205001969
First Class,Pacific Asia,South America,Office Supplies,Home Office,5,54.6,0.345,178.82,0.029,1,1,1,0.7272011013983781
Standard Class,Pacific Asia,Oceania,Beauty,Corporate,5,160.82,0.031,779.17,-0.014,4,0,0,0.3680247251114557
First Class,Africa,Central America,Electronics,Consumer,1,483.6,0.329,324.5,0.084,1,0,1,0.6845500504561814
Standard Class,Europe,West Africa,Fitness,Consumer,5,166.54,0.235,637.02,0.256,4,1,0,0.392207154447004
Standard Class,Pacific Asia,Oceania,Beauty,Consumer,5,121.4,0.202,484.39,0.113,4,0,0,0.39789485669703495
Standard Class,LATAM,Eastern Asia,Electronics,Consumer,3,567.94,0.104,1526.62,0.124,4,0,0,0.3698574105295773
Standard Class,USCA,South America,Apparel,Corporate,3,25.87,0.214,61.0,0.391,4,0,0,0.26518158703589256
Standard Class,LATAM,Southeast Asia,Fitness,Consumer,2,304.03,0.087,555.16,0.014,4,0,0,0.3302373571083909
Standard Class,Europe,Eastern Asia,Beauty,Corporate,5,88.1,0.262,325.09,0.254,4,0,0,0.39399832519038963
Standard Class,Africa,South America,Office Supplies,Consumer,3,337.47,0.196,813.98,0.124,4,1,0,0.4270452341916744
First Class,Pacific Asia,Oceania,Beauty,Consumer,2,204.12,0.086,373.13,0.272,1,1,1,0.7332559768939787
Standard Class,Africa,Eastern Europe,Fitness,Consumer,4,64.96,0.059,244.51,0.327,4,1,1,0.5231813854710716
First Class,Africa,Eastern Asia,Beauty,Consumer,1,452.58,0.073,419.54,0.45,1,1,1,0.5452946735433712
Second Class,USCA,Eastern Asia,Electronics,Home Office,4,130.62,0.052,495.31,0.027,2,1,0,0.37083781562529705
First Class,Pacific Asia,Western Europe,Electronics,Corporate,4,513.07,0.052,1945.56,0.241,1,1,1,0.5280400777723364
Second Class,LATAM,Eastern Europe,Furniture,Consumer,3,378.81,0.124,995.51,0.273,2,0,0,0.4895663630798257
Standard Class,Pacific Asia,South America,Apparel,Corporate,2,363.12,0.097,655.79,0.184,4,0,0,0.34899603684427927
Standard Class,Pacific Asia,West Africa,Beauty,Home Office,1,110.36,0.235,84.43,0.134,4,1,0,0.41206633318795916
First Class,Africa,Eastern Asia,Apparel,Corporate,3,138.44,0.206,329.76,0.286,1,1,1,0.6535260266609265
First Class,LATAM,Southeast Asia,Fitness,Consumer,1,495.29,0.23,381.37,0.277,1,1,1,0.700897090005856
First Class,Pacific Asia,South America,Office Supplies,Corporate,4,59.17,0.233,181.53,0.275,1,1,1,0.6492057471486357
Standard Class,USCA,South America,Apparel,Consumer,4,267.58,0.069,996.47,-0.009,4,0,0,0.32573386775411983
Standard Class,Pacific Asia,Southeast Asia,Electronics,Consumer,4,82.03,0.095,296.95,0.23,4,0,0,0.4314146229350233
First Class,Europe,Western Europe,Fitness,Corporate,2,76.26,0.019,149.62,0.218,1,0,0,0.44924218815390654
Second Class,LATAM,Central America,Apparel,Consumer,2,121.75,0.252,182.14,0.217,2,0,1,0.5433756980032746
Standard Class,Africa,Western Europe,Furniture,Consumer,3,553.61,0.265,1220.71,0.181,4,0,1,0.5380735187446507
Standard Class,LATAM,Eastern Asia,Furniture,Home Office,3,173.08,0.243,393.06,0.062,4,0,0,0.3423516492650725
Standard Class,Pacific Asia,Oceania,Fitness,Corporate,2,148.64,0.232,228.31,0.204,4,1,0,0.49751229189507157
First Class,Europe,Western Europe,Beauty,Corporate,3,471.26,0.236,1080.13,0.318,1,1,1,0.6369220321420471
Standard Class,USCA,South America,Fitness,Consumer,4,126.07,0.31,347.95,0.166,4,1,0,0.416711381529411
Second Class,Europe,Central America,Furniture,Corporate,4,150.06,0.186,488.6,0.278,2,1,1,0.5079914141546025
First Class,LATAM,Eastern Europe,Beauty,Corporate,2,599.46,0.269,876.41,0.336,1,0,1,0.6082379582421668
Second Class,Pacific Asia,West Africa,Furniture,Corporate,2,564.26,0.166,941.19,0.26,2,0,0,0.4801704157232014
First Class,Pacific Asia,Eastern Asia,Electronics,Corporate,1,532.48,0.039,511.71,0.272,1,1,1,0.6398153969128575
Standard Class,Europe,South America,Beauty,Consumer,5,134.9,0.205,536.23,0.044,4,0,0,0.3852687565782306
First Class,Europe,West Africa,Beauty,Consumer,2,450.7,0.23,694.08,0.098,1,1,1,0.7549940849628881
Standard Class,Europe,Western Europe,Apparel,Consumer,1,536.65,0.178,441.13,0.134,4,0,0,0.28420139335397543
Standard Class,Pacific Asia,Western Europe,Electronics,Corporate,3,531.26,0.237,1216.05,0.151,4,0,0,0.3420787483843695
First Class,Africa,Central America,Fitness,Consumer,1,499.37,0.132,433.45,0.418,1,1,1,0.6601197886604563
Standard Class,USCA,Oceania,Fitness,Consumer,3,546.32,0.277,1184.97,0.21,4,0,0,0.32308397369996045
Second Class,USCA,Central America,Beauty,Home Office,3,564.87,0.155,1431.95,0.255,2,0,1,0.5403539695906953
Standard Class,Africa,Eastern Asia,Apparel,Corporate,5,521.43,0.118,2299.51,0.336,4,0,0,0.4354984581042545
Standard Class,Africa,West Africa,Office Supplies,Consumer,3,239.2,0.282,515.24,0.209,4,1,1,0.5120785795426871
First Class,Africa,Eastern Europe,Electronics,Corporate,4,117.43,0.093,426.04,0.051,1,1,1,0.645701172408594
Standard Class,Europe,Western Europe,Electronics,Corporate,2,62.32,0.326,84.01,0.182,4,0,0,0.237954240033889
Standard Class,Europe,Oceania,Fitness,Consumer,4,465.71,0.219,1454.88,0.104,4,1,0,0.3330721037488768
Second Class,Europe,Western Europe,Apparel,Corporate,5,268.91,0.233,1031.27,-0.005,2,1,0,0.4002162975608913
Standard Class,LATAM,Western Europe,Electronics,Consumer,5,410.1,0.126,1792.14,0.344,4,0,1,0.5098083954752506
Standard Class,Pacific Asia,West Africa,Apparel,Corporate,3,548.79,0.132,1429.05,0.114,4,0,1,0.5028115217011689
Second Class,Europe,Southeast Asia,Fitness,Corporate,4,446.76,0.273,1299.18,0.17,2,1,0,0.4803799895497343
Standard Class,Pacific Asia,Oceania,Beauty,Home Office,2,533.34,0.059,1003.75,0.179,4,0,0,0.3410737924721896
First Class,Pacific Asia,Southeast Asia,Office Supplies,Consumer,2,552.06,0.076,1020.21,0.159,1,1,1,0.6502450594447121
Standard Class,USCA,West Africa,Furniture,Corporate,2,318.51,0.059,599.44,0.249,4,0,0,0.35609397206677146
First Class,Europe,Western Europe,Electronics,Consumer,2,436.64,0.335,580.73,0.189,1,0,1,0.6206055936982671
First Class,Europe,Western Europe,Fitness,Corporate,2,145.07,0.262,214.12,0.338,1,0,1,0.513387666159227
Standard Class,Pacific Asia,West Africa,Furniture,Consumer,1,449.8,0.321,305.41,0.305,4,0,0,0.396060359238219
Standard Class,Pacific Asia,Eastern Asia,Electronics,Consumer,4,580.51,0.271,1692.77,0.268,4,0,0,0.4799571916958627
First Class,Pacific Asia,Southeast Asia,Beauty,Corporate,3,293.28,0.214,691.55,0.142,1,1,1,0.7168747346990745
Second Class,Africa,Oceania,Beauty,Consumer,2,283.18,0.282,406.65,0.131,2,0,1,0.5622340992172314
Same Day,USCA,Eastern Asia,Electronics,Home Office,2,504.1,0.29,715.82,0.275,0,0,0,0.31855301951521187
Standard Class,Europe,Southeast Asia,Fitness,Consumer,5,430.8,0.207,1708.12,0.046,4,0,0,0.32921369669869927
Standard Class,Pacific Asia,Southeast Asia,Beauty,Consumer,4,231.56,0.305,643.74,0.39,4,1,0,0.42878379319829685
Standard Class,Europe,South America,Office Supplies,Consumer,4,109.07,0.237,332.88,0.228,4,1,0,0.4407644175274936
Second Class,Pacific Asia,South America,Apparel,Consumer,3,54.76,0.127,143.42,0.118,2,1,1,0.5291060998082106
Second Class,USCA,Oceania,Furniture,Consumer,4,542.46,0.313,1490.68,0.257,2,1,1,0.5298653172808708
Standard Class,Pacific Asia,Eastern Europe,Electronics,Consumer,1,67.91,0.013,67.03,0.113,4,0,0,0.39388556691069937
First Class,USCA,Eastern Asia,Electronics,Consumer,1,373.93,0.092,339.53,0.172,1,0,1,0.6393059992097352
Standard Class,Pacific Asia,Western Europe,Beauty,Corporate,5,465.73,0.288,1658.0,0.257,4,0,0,0.4681764228568667
Standard Class,Africa,West Africa,Beauty,Consumer,1,233.29,0.097,210.66,0.232,4,0,0,0.43534683164616816
Same Day,USCA,Eastern Europe,Fitness,Corporate,5,367.3,0.303,1280.04,0.119,0,0,0,0.4900315364604973
Standard Class,Pacific Asia,Eastern Europe,Fitness,Home Office,3,133.72,0.244,303.28,0.236,4,0,0,0.46247661133254747
First Class,USCA,Eastern Asia,Apparel,Corporate,4,364.05,0.054,1377.57,0.112,1,1,1,0.5924884779855131
First Class,USCA,Southeast Asia,Fitness,Corporate,5,269.44,0.17,1118.18,0.121,1,0,1,0.6973481714110682
Standard Class,Europe,Central America,Fitness,Consumer,5,90.25,0.102,405.22,0.237,4,0,0,0.3511165281025361
Second Class,LATAM,Eastern Europe,Furniture,Consumer,2,486.99,0.265,715.88,0.136,2,1,1,0.5016711579597689
Standard Class,USCA,Western Europe,Office Supplies,Consumer,2,21.64,0.33,29.0,0.133,4,0,0,0.312940061931071
Standard Class,Africa,Western Europe,Furniture,Corporate,5,597.08,0.121,2624.17,0.009,4,1,0,0.4965785840317265
First Class,Pacific Asia,Eastern Asia,Furniture,Consumer,3,227.41,0.066,637.2,0.188,1,0,1,0.6469613097111663
Standard Class,Europe,Eastern Asia,Apparel,Home Office,4,339.88,0.137,1173.27,0.219,4,0,0,0.35714080622100347
Standard Class,Pacific Asia,Oceania,Office Supplies,Consumer,4,322.09,0.155,1088.66,0.16,4,1,0,0.39495675115595685
Second Class,LATAM,South America,Office Supplies,Corporate,4,506.54,0.184,1653.35,0.2,2,0,1,0.5530649289941616
Standard Class,LATAM,Oceania,Furniture,Corporate,2,578.13,0.151,981.66,0.162,4,0,0,0.35490980397796484
Standard Class,USCA,Eastern Asia,Office Supplies,Corporate,4,48.65,0.305,135.25,0.153,4,0,0,0.3854415167335669
Standard Class,USCA,Southeast Asia,Apparel,Consumer,3,278.99,0.16,703.05,0.215,4,0,0,0.317490120854814
Second Class,USCA,Eastern Europe,Apparel,Consumer,4,162.64,0.199,521.1,0.053,2,1,0,0.45135190446192197
Standard Class,USCA,Eastern Europe,Apparel,Home Office,4,286.98,0.166,957.37,0.189,4,0,0,0.392391356717892
Standard Class,Europe,Oceania,Furniture,Home Office,1,382.19,0.262,282.06,0.368,4,0,0,0.3476038413502481
Standard Class,Africa,Western Europe,Beauty,Consumer,4,327.66,0.1,1179.58,0.109,4,0,0,0.4972321513429863
Standard Class,Pacific Asia,Eastern Asia,Furniture,Consumer,4,529.56,0.206,1681.88,0.155,4,0,1,0.5203622185751924
Standard Class,Europe,Central America,Fitness,Consumer,1,91.96,0.116,81.29,0.206,4,0,0,0.35607859665366853
Standard Class,USCA,West Africa,Furniture,Consumer,5,54.62,0.344,179.15,0.251,4,0,0,0.36203248863188575
Standard Class,Pacific Asia,Southeast Asia,Office Supplies,Home Office,2,243.72,0.303,339.75,0.145,4,1,0,0.4806976592211169
Standard Class,Pacific Asia,Western Europe,Office Supplies,Home Office,2,36.37,0.191,58.85,0.115,4,0,0,0.3772926035646449
Standard Class,LATAM,Western Europe,Electronics,Corporate,1,101.06,0.114,89.54,0.091,4,0,0,0.30000032403801663
Standard Class,Pacific Asia,Central America,Electronics,Consumer,5,54.47,0.109,242.66,0.209,4,0,0,0.4998270238636554
Standard Class,Pacific Asia,Southeast Asia,Office Supplies,Consumer,3,475.49,0.084,1306.65,0.072,4,0,0,0.4217727253407727
Standard Class,Pacific Asia,Oceania,Fitness,Corporate,1,155.31,0.038,149.41,0.262,4,0,0,0.4058826984360575
Standard Class,Europe,Oceania,Furniture,Consumer,5,570.55,0.095,2581.74,0.237,4,0,0,0.32405032507871767
Standard Class,USCA,Central America,Furniture,Consumer,2,360.44,0.268,527.68,0.253,4,0,0,0.3750036065210356
Standard Class,USCA,West Africa,Fitness,Corporate,2,303.85,0.066,567.59,0.102,4,0,0,0.3767480102062553
Second Class,Africa,Western Europe,Fitness,Consumer,1,380.83,0.159,320.28,0.196,2,0,1,0.5724705867701179
Standard Class,USCA,South America,Apparel,Home Office,4,571.77,0.024,2232.19,0.202,4,1,0,0.34518256533138614
Standard Class,Europe,West Africa,Electronics,Consumer,3,94.63,0.066,265.15,0.145,4,1,0,0.378131810354501
Standard Class,Europe,Southeast Asia,Apparel,Home Office,3,555.21,0.284,1192.59,0.121,4,0,0,0.37810212775032953
Standard Class,LATAM,West Africa,Apparel,Consumer,2,172.83,0.208,273.76,0.196,4,0,0,0.3569897716048033
Second Class,Europe,Western Europe,Beauty,Consumer,4,465.55,0.029,1808.2,0.087,2,0,0,0.4479886808002018
Second Class,Africa,Eastern Asia,Fitness,Home Office,3,219.59,0.146,562.59,-0.016,2,0,0,0.45664294523923915
Standard Class,Pacific Asia,Oceania,Fitness,Corporate,4,370.9,0.126,1296.67,0.402,4,1,0,0.3494097680377968
Standard Class,LATAM,Oceania,Office Supplies,Consumer,1,124.79,0.03,121.05,0.125,4,0,0,0.34747977213986675
Standard Class,USCA,Central America,Electronics,Corporate,1,267.49,0.122,234.86,0.162,4,1,0,0.3502050605904356
Standard Class,Africa,Central America,Fitness,Corporate,5,280.54,0.042,1343.79,0.24,4,1,1,0.5583145618245394
Standard Class,LATAM,Western Europe,Apparel,Corporate,5,411.26,0.077,1897.96,0.248,4,1,0,0.41559465996603245
Second Class,Europe,Southeast Asia,Furniture,Consumer,2,287.22,0.161,481.96,0.068,2,0,0,0.39851990841740337
Standard Class,Pacific Asia,South America,Apparel,Consumer,1,493.05,0.085,451.14,0.252,4,0,0,0.3552092696310256
First Class,Europe,Western Europe,Electronics,Consumer,1,75.74,0.046,72.26,0.011,1,0,0,0.44459537861137555
Standard Class,Pacific Asia,Southeast Asia,Furniture,Consumer,3,595.26,0.332,1192.9,-0.013,4,0,0,0.3824808950671772
Standard Class,Pacific Asia,Eastern Asia,Apparel,Consumer,5,142.29,0.206,564.89,0.22,4,0,0,0.39462990497533945
Standard Class,LATAM,Eastern Asia,Fitness,Consumer,3,560.02,0.299,1177.72,-0.1,4,1,0,0.4069056930004985
Standard Class,USCA,West Africa,Fitness,Consumer,5,554.36,0.178,2278.42,0.12,4,1,0,0.39777940161788067
Standard Class,LATAM,Eastern Asia,Apparel,Home Office,3,75.61,0.086,207.32,0.2,4,0,0,0.27951367686344963
Standard Class,Pacific Asia,Southeast Asia,Apparel,Home Office,5,581.71,0.016,2862.01,-0.017,4,0,0,0.28198653714324856
Same Day,Pacific Asia,Oceania,Office Supplies,Consumer,4,263.96,0.038,1015.72,0.009,0,1,0,0.39764503815253033
Standard Class,Pacific Asia,Eastern Europe,Office Supplies,Corporate,4,135.44,0.229,417.7,0.146,4,1,1,0.5014212272797963
Same Day,Africa,Central America,Beauty,Corporate,5,347.76,0.235,1330.18,0.168,0,0,1,0.5415554679125922
Standard Class,USCA,Central America,Electronics,Corporate,5,487.91,0.34,1610.1,-0.021,4,0,0,0.43116141899207217
Second Class,USCA,West Africa,Apparel,Consumer,5,76.89,0.263,283.34,0.05,2,1,1,0.5219026619701211
Standard Class,Africa,Oceania,Electronics,Consumer,5,194.21,0.191,785.58,0.241,4,1,1,0.5630886787378927
Standard Class,Pacific Asia,South America,Electronics,Corporate,2,151.85,0.084,278.19,-0.024,4,0,0,0.34451515493995577
First Class,USCA,Eastern Asia,Beauty,Home Office,4,33.39,0.112,118.6,0.274,1,1,1,0.5569449493265272
First Class,Pacific Asia,South America,Furniture,Consumer,2,93.48,0.101,168.08,-0.026,1,0,1,0.7182072414844719
Standard Class,Africa,Eastern Asia,Apparel,Corporate,5,293.22,0.073,1359.07,0.006,4,0,1,0.50175757630805
Second Class,LATAM,Central America,Beauty,Consumer,4,355.25,0.224,1102.7,0.253,2,0,1,0.5629424791445744
Same Day,Africa,Eastern Europe,Apparel,Corporate,5,197.44,0.171,818.39,0.23,0,0,1,0.59460288853074
Standard Class,LATAM,Southeast Asia,Fitness,Consumer,5,201.05,0.01,995.2,0.157,4,0,0,0.34988864959891935
Standard Class,Africa,Oceania,Electronics,Consumer,5,234.57,0.2,938.28,0.194,4,0,1,0.5698117678039991
Standard Class,USCA,Oceania,Electronics,Corporate,1,63.47,0.127,55.41,0.183,4,1,0,0.35252058442698125
Same Day,Africa,West Africa,Beauty,Consumer,5,372.07,0.249,1397.12,0.078,0,0,0,0.4956037570828595
Standard Class,Europe,Central America,Beauty,Corporate,3,347.75,0.053,987.96,0.219,4,1,0,0.3247766443214868
Standard Class,Europe,South America,Fitness,Home Office,2,412.39,0.022,806.63,0.342,4,0,0,0.31955666560103063
Standard Class,LATAM,Southeast Asia,Office Supplies,Consumer,4,450.08,0.27,1314.23,0.118,4,1,0,0.4486915016264066
Standard Class,Africa,West Africa,Beauty,Consumer,4,286.55,0.098,1033.87,0.264,4,1,1,0.6190561825964496
Same Day,Pacific Asia,Eastern Europe,Beauty,Home Office,4,378.26,0.097,1366.28,0.36,0,0,0,0.3649575641703425
Second Class,USCA,Southeast Asia,Fitness,Consumer,5,331.13,0.066,1546.38,0.204,2,0,1,0.5180123633597459
Standard Class,LATAM,South America,Office Supplies,Home Office,3,595.1,0.044,1706.75,0.145,4,1,0,0.2140098987034969
Standard Class,Africa,Central America,Beauty,Corporate,4,309.61,0.326,834.71,0.173,4,1,1,0.5681584772786914
Standard Class,LATAM,Eastern Europe,Fitness,Consumer,5,430.06,0.031,2083.64,0.248,4,0,0,0.40697591347579287
Second Class,USCA,West Africa,Office Supplies,Consumer,2,571.57,0.292,809.34,0.388,2,0,1,0.5264257183368509
Second Class,USCA,Eastern Europe,Apparel,Consumer,3,171.62,0.079,474.19,0.257,2,0,1,0.5196731294564485
Same Day,USCA,Oceania,Apparel,Consumer,4,497.16,0.158,1674.43,0.014,0,0,0,0.4258156713050982
Standard Class,Pacific Asia,West Africa,Electronics,Consumer,1,513.12,0.163,429.48,0.134,4,0,0,0.35259206080701966
Standard Class,Pacific Asia,South America,Electronics,Consumer,4,161.07,0.234,493.52,0.308,4,1,0,0.41949476611017883
First Class,Pacific Asia,South America,Furniture,Consumer,1,584.31,0.039,561.52,0.222,1,1,1,0.6637350013348622
First Class,LATAM,West Africa,Furniture,Home Office,4,463.06,0.172,1533.65,0.303,1,1,1,0.6919174297763127
Standard Class,Pacific Asia,Western Europe,Electronics,Consumer,2,446.4,0.087,815.13,0.401,4,0,0,0.27863163555595877
Standard Class,Africa,West Africa,Electronics,Home Office,2,114.0,0.278,164.62,0.236,4,1,0,0.4691643843507286
Standard Class,USCA,Oceania,Apparel,Consumer,1,71.91,0.027,69.97,0.377,4,0,0,0.3509625339232166
Second Class,USCA,Western Europe,Fitness,Corporate,2,260.89,0.238,397.6,0.158,2,0,0,0.4511745668046573
Second Class,Pacific Asia,Eastern Europe,Office Supplies,Consumer,3,360.43,0.045,1032.63,0.229,2,0,0,0.4130998966928392
Standard Class,Pacific Asia,Eastern Europe,Beauty,Consumer,4,328.04,0.19,1062.85,0.185,4,0,0,0.40506303411939404
Second Class,Europe,Eastern Europe,Electronics,Consumer,1,399.14,0.112,354.44,0.067,2,1,0,0.4568454215497838
Standard Class,USCA,Western Europe,Fitness,Consumer,3,459.51,0.227,1065.6,0.098,4,1,0,0.2930265225667674
Standard Class,Europe,West Africa,Apparel,Consumer,2,384.9,0.069,716.68,0.207,4,0,0,0.3912826570601531
Second Class,USCA,Southeast Asia,Beauty,Corporate,3,337.26,0.191,818.53,0.231,2,0,1,0.5621016133456816
Second Class,Africa,Oceania,Fitness,Consumer,2,171.05,0.23,263.42,0.027,2,0,0,0.46432483588268875
Standard Class,USCA,West Africa,Fitness,Home Office,3,548.71,0.292,1165.46,0.193,4,1,0,0.43375600295594985
Standard Class,Pacific Asia,Oceania,Furniture,Consumer,2,279.92,0.2,447.87,0.086,4,0,0,0.3459062133915558
Standard Class,LATAM,Oceania,Furniture,Corporate,4,158.5,0.213,498.96,-0.069,4,0,0,0.3409245289967951
Second Class,LATAM,Oceania,Furniture,Consumer,4,173.26,0.14,596.01,0.098,2,1,0,0.49068265864996363
First Class,LATAM,Eastern Asia,Furniture,Home Office,4,504.51,0.187,1640.67,0.194,1,0,1,0.700667929862554
Second Class,Pacific Asia,West Africa,Office Supplies,Home Office,5,496.48,0.076,2293.74,0.169,2,0,0,0.43597011188031204
Standard Class,LATAM,Western Europe,Furniture,Home Office,2,82.12,0.054,155.37,0.158,4,0,0,0.28459572112264275
Standard Class,Europe,Central America,Furniture,Home Office,4,150.45,0.323,407.42,0.077,4,0,0,0.36247771552348007
First Class,Pacific Asia,Central America,Furniture,Home Office,2,277.6,0.152,470.81,0.223,1,0,1,0.7661457631592815
Standard Class,Europe,Eastern Asia,Electronics,Corporate,1,560.09,0.031,542.73,0.377,4,0,0,0.27744370237809757
Standard Class,Pacific Asia,Southeast Asia,Fitness,Corporate,2,358.07,0.269,523.5,0.007,4,0,0,0.4742209087224673
Standard Class,USCA,Oceania,Apparel,Consumer,1,482.34,0.25,361.76,0.11,4,0,0,0.35826855729769597
First Class,USCA,South America,Office Supplies,Corporate,5,54.28,0.178,223.09,0.125,1,1,1,0.5938919148624735
Standard Class,USCA,Oceania,Office Supplies,Consumer,2,421.39,0.135,729.0,0.108,4,1,0,0.3184924572525954
Standard Class,USCA,South America,Electronics,Consumer,2,121.71,0.086,222.49,0.127,4,0,0,0.35543036916726156
Standard Class,LATAM,West Africa,Electronics,Consumer,1,297.22,0.251,222.62,0.161,4,0,0,0.3333655162758269
First Class,LATAM,Central America,Fitness,Home Office,3,387.88,0.075,1076.37,0.194,1,0,1,0.7409737860848284
Standard Class,LATAM,Central America,Electronics,Home Office,1,526.87,0.096,476.29,0.22,4,1,0,0.3058657804295154
Standard Class,USCA,West Africa,Office Supplies,Corporate,5,525.29,0.27,1917.31,0.288,4,0,0,0.4734011441360702
Standard Class,LATAM,South America,Office Supplies,Consumer,2,286.66,0.131,498.22,-0.018,4,1,0,0.3484897845946465
Standard Class,USCA,Eastern Europe,Furniture,Corporate,5,408.4,0.249,1533.54,0.193,4,0,0,0.4672628785032017
Standard Class,Europe,Oceania,Office Supplies,Home Office,5,592.11,0.311,2039.82,-0.036,4,0,0,0.30405390554724526
First Class,LATAM,Western Europe,Office Supplies,Consumer,5,423.24,0.041,2029.44,0.2,1,0,1,0.7330626826085719
Second Class,Pacific Asia,West Africa,Electronics,Home Office,4,28.06,0.112,99.67,0.152,2,0,1,0.5409794433557088
Standard Class,Pacific Asia,South America,Beauty,Home Office,1,401.9,0.269,293.79,0.09,4,0,0,0.4806997723312494
Standard Class,LATAM,Oceania,Furniture,Consumer,4,574.05,0.185,1871.4,0.025,4,0,0,0.37714830144366907
Standard Class,USCA,South America,Office Supplies,Consumer,1,382.95,0.123,335.85,0.262,4,0,0,0.3221897057502095
Standard Class,LATAM,Western Europe,Furniture,Consumer,5,561.67,0.019,2754.99,0.383,4,0,0,0.4549060952384738
Second Class,Africa,Eastern Asia,Furniture,Consumer,4,471.09,0.152,1597.94,0.197,2,0,1,0.6204487144811943
Second Class,Europe,Eastern Asia,Apparel,Consumer,1,359.16,0.061,337.25,0.195,2,1,0,0.42449826771931476
Standard Class,Europe,South America,Electronics,Consumer,1,519.84,0.138,448.1,0.092,4,0,0,0.25901575513998004
Second Class,LATAM,Western Europe,Apparel,Home Office,4,133.84,0.191,433.11,0.35,2,0,0,0.4976560148896634
Standard Class,Africa,Eastern Asia,Electronics,Consumer,5,58.24,0.163,243.73,0.189,4,1,0,0.4720264947394608
Second Class,LATAM,West Africa,Electronics,Corporate,5,439.11,0.322,1488.58,0.325,2,0,1,0.6145942852772743
Standard Class,Pacific Asia,South America,Fitness,Consumer,5,207.22,0.267,759.46,0.255,4,0,0,0.4129107038075924
Second Class,USCA,Central America,Apparel,Consumer,1,583.9,0.209,461.86,0.221,2,0,0,0.4925191848303714
Standard Class,Africa,Oceania,Apparel,Consumer,5,93.11,0.233,357.08,0.292,4,0,0,0.4718088754009555
First Class,Europe,Eastern Asia,Office Supplies,Corporate,2,463.62,0.056,875.31,0.287,1,1,1,0.6490805070905954
Standard Class,USCA,Oceania,Office Supplies,Consumer,1,439.77,0.345,288.05,0.222,4,0,0,0.35082672418917715
Standard Class,Europe,Eastern Europe,Office Supplies,Corporate,3,71.32,0.032,207.11,0.034,4,0,0,0.2855785570098059
Standard Class,LATAM,Eastern Asia,Electronics,Home Office,4,171.48,0.115,607.04,0.14,4,1,0,0.2988139974381523
First Class,Africa,West Africa,Beauty,Corporate,2,24.45,0.194,39.41,0.371,1,1,1,0.5537285274100507
Standard Class,Pacific Asia,Southeast Asia,Furniture,Home Office,3,439.43,0.035,1272.15,-0.042,4,0,0,0.4150904746602518
Second Class,USCA,Eastern Asia,Fitness,Corporate,3,520.56,0.191,1263.4,0.233,2,0,0,0.45541705415189143
First Class,Africa,Southeast Asia,Beauty,Corporate,5,438.59,0.066,2048.22,0.279,1,1,1,0.6261607610769522
Standard Class,USCA,Central America,Beauty,Home Office,2,555.9,0.113,986.17,0.116,4,0,0,0.3307516847441204
Standard Class,Europe,West Africa,Office Supplies,Consumer,4,143.02,0.336,379.86,0.077,4,1,0,0.4525328154687532
Standard Class,Europe,Central America,Fitness,Consumer,3,534.9,0.236,1225.99,0.22,4,0,0,0.2962014581298871
Standard Class,USCA,Central America,Furniture,Corporate,5,109.31,0.055,516.49,0.287,4,1,0,0.39758032454620545
Standard Class,USCA,West Africa,Beauty,Corporate,4,478.64,0.202,1527.82,0.106,4,0,0,0.4617839914298767
Second Class,LATAM,Southeast Asia,Apparel,Consumer,2,547.85,0.004,1091.32,0.331,2,1,0,0.49142800979782103
Standard Class,Pacific Asia,Oceania,Beauty,Consumer,4,43.51,0.071,161.68,0.121,4,0,0,0.37050374710435113
First Class,Pacific Asia,South America,Furniture,Home Office,2,441.99,0.158,744.31,0.191,1,1,1,0.6563986547369617
Second Class,Africa,Eastern Europe,Beauty,Consumer,1,236.83,0.258,175.73,0.03,2,1,1,0.5846759281019558
Standard Class,Pacific Asia,Central America,Furniture,Consumer,3,395.55,0.216,930.33,0.287,4,0,0,0.3818520700373776
Second Class,Africa,Western Europe,Furniture,Consumer,3,279.42,0.034,809.76,0.337,2,0,1,0.6494854869137258
Same Day,LATAM,South America,Beauty,Home Office,5,471.58,0.205,1874.53,0.184,0,0,0,0.3727250470389225
Standard Class,Europe,Central America,Electronics,Home Office,4,99.31,0.04,381.35,0.31,4,0,0,0.3020029657902937
Standard Class,LATAM,South America,Beauty,Consumer,5,497.56,0.287,1773.8,0.285,4,1,0,0.42151651511360755
Standard Class,Europe,Western Europe,Apparel,Home Office,3,120.65,0.314,248.3,0.1,4,0,0,0.31090739762098135
Standard Class,USCA,Southeast Asia,Apparel,Consumer,4,32.45,0.232,99.69,-0.013,4,0,0,0.36381059309385044
Standard Class,USCA,Eastern Europe,Apparel,Corporate,1,54.62,0.207,43.31,0.291,4,0,0,0.3933204957754695
Second Class,Pacific Asia,West Africa,Furniture,Corporate,1,104.17,0.185,84.9,0.242,2,0,0,0.4988605113945012
Standard Class,LATAM,Eastern Asia,Apparel,Consumer,2,457.84,0.014,902.86,0.274,4,1,0,0.3370648940890319
Second Class,Africa,South America,Fitness,Home Office,1,396.69,0.293,280.46,0.136,2,1,1,0.6597268653385627
Second Class,LATAM,Eastern Asia,Fitness,Corporate,3,374.06,0.165,937.02,0.057,2,0,0,0.45332160445996356
Standard Class,LATAM,Eastern Asia,Fitness,Consumer,5,131.93,0.142,565.98,0.053,4,0,0,0.3187854299208165
Second Class,LATAM,Eastern Europe,Electronics,Consumer,3,154.13,0.031,448.06,0.195,2,0,1,0.5072562575096466
Standard Class,Europe,South America,Fitness,Corporate,2,437.88,0.071,813.58,0.299,4,0,0,0.2311085663414516
Standard Class,Europe,Eastern Asia,Furniture,Corporate,2,210.97,0.31,291.14,0.154,4,1,0,0.3499758634747245
Second Class,Europe,South America,Furniture,Consumer,3,131.85,0.009,391.99,0.164,2,0,0,0.47912779237053316
Standard Class,USCA,Eastern Asia,Office Supplies,Consumer,1,545.2,0.318,371.83,0.279,4,0,0,0.3767672087984209
Standard Class,Pacific Asia,West Africa,Beauty,Consumer,5,362.04,0.294,1278.0,0.039,4,0,0,0.41466054463856805
Second Class,Europe,Eastern Asia,Electronics,Corporate,1,246.86,0.185,201.19,-0.053,2,1,0,0.28512065517440677
Second Class,Europe,Eastern Europe,Office Supplies,Consumer,5,340.02,0.041,1630.4,0.187,2,1,0,0.4019269749735442
Second Class,Pacific Asia,Oceania,Office Supplies,Consumer,1,290.57,0.323,196.72,0.301,2,0,0,0.48967304165642545
Second Class,USCA,Central America,Fitness,Consumer,3,304.79,0.112,811.96,0.01,2,0,0,0.39369605553291886
First Class,Pacific Asia,Central America,Fitness,Home Office,5,350.35,0.25,1313.81,0.45,1,0,1,0.6147314912182942
Second Class,Pacific Asia,Oceania,Fitness,Consumer,3,120.34,0.038,347.3,0.069,2,0,0,0.4747183159433994
Standard Class,Pacific Asia,South America,Furniture,Consumer,5,538.89,0.023,2632.48,0.22,4,1,0,0.40792810621646647
Standard Class,Pacific Asia,Southeast Asia,Furniture,Consumer,4,297.24,0.074,1100.98,0.173,4,0,0,0.4478217896488839
First Class,USCA,Eastern Europe,Furniture,Corporate,2,189.36,0.326,255.26,0.181,1,0,1,0.6317473160751238
Second Class,Europe,South America,Fitness,Consumer,4,226.94,0.071,843.31,0.26,2,0,1,0.5654175210930785
Standard Class,USCA,Eastern Europe,Electronics,Consumer,3,341.03,0.032,990.35,0.221,4,0,0,0.29887477047551403
Second Class,LATAM,Southeast Asia,Electronics,Consumer,4,450.79,0.081,1657.1,0.164,2,1,1,0.5449654112375445
Second Class,USCA,South America,Office Supplies,Corporate,4,414.21,0.003,1651.87,0.076,2,0,0,0.4351607304197735
Second Class,USCA,Eastern Europe,Beauty,Consumer,4,36.09,0.329,96.87,0.234,2,0,0,0.4999662003666647
Second Class,Africa,West Africa,Electronics,Corporate,4,76.83,0.072,285.19,0.118,2,0,0,0.4974715915697013
Standard Class,Pacific Asia,Central America,Furniture,Home Office,3,518.88,0.042,1491.26,0.16,4,0,0,0.43340939100688625
Standard Class,USCA,South America,Electronics,Corporate,5,556.75,0.157,2346.7,0.256,4,0,0,0.311653708238705
Standard Class,USCA,Central America,Apparel,Home Office,2,136.5,0.215,214.3,0.177,4,0,0,0.34037185136136566
Second Class,USCA,Oceania,Office Supplies,Corporate,1,157.86,0.033,152.65,0.257,2,1,0,0.4949391384255296
Standard Class,LATAM,Southeast Asia,Fitness,Consumer,1,469.2,0.209,371.14,0.223,4,0,0,0.32534058051252
Standard Class,LATAM,West Africa,Apparel,Consumer,5,208.55,0.083,956.2,0.185,4,1,0,0.37462340863612204
Same Day,Africa,West Africa,Electronics,Home Office,5,415.4,0.197,1667.83,0.082,0,1,1,0.5372750983914757
Standard Class,USCA,West Africa,Furniture,Consumer,4,269.75,0.03,1046.63,-0.034,4,1,0,0.43301354592367386
Second Class,USCA,Oceania,Beauty,Consumer,5,599.25,0.012,2960.3,0.143,2,1,0,0.4379998392458117
Standard Class,LATAM,Eastern Europe,Beauty,Consumer,4,68.32,0.209,216.16,0.124,4,0,0,0.42852572002303646
Standard Class,Europe,South America,Furniture,Corporate,5,525.1,0.068,2446.97,0.181,4,0,0,0.348487849268511
Second Class,USCA,Southeast Asia,Beauty,Consumer,2,232.4,0.2,371.84,0.122,2,1,1,0.6339550785998633
First Class,Africa,Western Europe,Apparel,Corporate,5,506.43,0.226,1959.88,0.198,1,1,1,0.7014731932622364
First Class,LATAM,Central America,Furniture,Corporate,2,229.92,0.02,450.64,0.089,1,0,1,0.7304913849984871
Standard Class,Pacific Asia,West Africa,Apparel,Home Office,2,441.76,0.02,865.85,0.269,4,0,0,0.36083139582604895
Standard Class,LATAM,Oceania,Office Supplies,Consumer,5,267.76,0.057,1262.49,0.321,4,0,0,0.34584307136364906
Standard Class,Africa,Eastern Asia,Fitness,Consumer,3,25.3,0.047,72.33,0.236,4,0,0,0.4198399007643411
Standard Class,Europe,Eastern Europe,Fitness,Corporate,4,130.63,0.331,349.57,0.108,4,1,0,0.4375407653216401
Standard Class,LATAM,South America,Electronics,Home Office,1,169.21,0.276,122.51,0.112,4,0,0,0.355500155576776
Standard Class,LATAM,South America,Beauty,Corporate,3,159.93,0.339,317.14,0.278,4,0,0,0.31651463429848387
Standard Class,Africa,Central America,Electronics,Consumer,5,481.61,0.272,1753.06,0.205,4,0,1,0.5736201820262026
Standard Class,USCA,Eastern Asia,Office Supplies,Consumer,4,127.24,0.163,426.0,0.117,4,0,0,0.4540642173627539
First Class,Europe,Central America,Office Supplies,Consumer,1,573.81,0.015,565.2,0.192,1,1,1,0.5808610112390056
Standard Class,Africa,Western Europe,Apparel,Consumer,1,144.73,0.093,131.27,0.381,4,1,0,0.3982806139697748
Standard Class,Europe,Southeast Asia,Fitness,Corporate,1,253.25,0.124,221.85,0.137,4,0,0,0.24360844061079118
Standard Class,USCA,Oceania,Fitness,Consumer,4,467.55,0.041,1793.52,0.142,4,0,0,0.42810770160856976
Standard Class,Africa,Oceania,Beauty,Consumer,1,40.4,0.023,39.47,0.164,4,0,0,0.28798786314438546
Second Class,LATAM,West Africa,Furniture,Consumer,3,279.67,0.164,701.41,0.154,2,0,1,0.5731553794014235
Standard Class,Europe,Southeast Asia,Beauty,Consumer,5,177.71,0.098,801.47,-0.007,4,0,0,0.383560003374174
Second Class,Europe,South America,Furniture,Corporate,2,426.19,0.133,739.01,0.151,2,0,0,0.4480069004193853
Second Class,Europe,Western Europe,Furniture,Home Office,3,326.27,0.046,933.78,0.208,2,1,0,0.41897387562840793
Second Class,USCA,Central America,Apparel,Corporate,5,509.21,0.005,2533.32,0.233,2,1,0,0.4174916603674625
Standard Class,Pacific Asia,South America,Furniture,Consumer,3,229.61,0.123,604.1,0.131,4,0,0,0.39444500205871985
First Class,Pacific Asia,West Africa,Beauty,Consumer,2,213.57,0.165,356.66,-0.007,1,1,1,0.752093597686961
Standard Class,USCA,Eastern Asia,Office Supplies,Consumer,5,422.32,0.07,1963.79,0.184,4,0,0,0.3488881601277513
Standard Class,Europe,Eastern Asia,Apparel,Consumer,4,86.44,0.198,277.3,0.295,4,0,0,0.2766233076206046
Standard Class,Africa,Western Europe,Furniture,Corporate,4,80.0,0.054,302.72,0.154,4,0,1,0.5081467921215648
Second Class,USCA,South America,Electronics,Corporate,3,235.89,0.124,619.92,0.218,2,0,1,0.5354103096441863
First Class,LATAM,West Africa,Office Supplies,Home Office,5,298.35,0.174,1232.19,0.111,1,0,1,0.7390091687729029
First Class,USCA,Oceania,Office Supplies,Consumer,5,59.27,0.236,226.41,0.309,1,1,1,0.6312438848644607
Standard Class,Africa,Southeast Asia,Office Supplies,Corporate,3,107.67,0.231,248.39,0.143,4,0,0,0.4614460814759614
Standard Class,Pacific Asia,Central America,Apparel,Consumer,5,265.3,0.104,1188.54,0.253,4,0,0,0.4212108610473312
Second Class,Europe,Western Europe,Electronics,Consumer,1,244.87,0.33,164.06,0.053,2,1,0,0.3640619175857713
Standard Class,Pacific Asia,West Africa,Office Supplies,Corporate,2,511.33,0.147,872.33,0.19,4,0,0,0.44506115680183955
Standard Class,Pacific Asia,South America,Fitness,Consumer,3,460.21,0.077,1274.32,0.111,4,1,0,0.3679850653604025
Second Class,USCA,Central America,Furniture,Consumer,5,566.61,0.1,2549.75,0.068,2,1,0,0.49481496782909784
Standard Class,USCA,Southeast Asia,Apparel,Consumer,3,409.22,0.067,1145.41,0.101,4,0,0,0.35938761337932007
Standard Class,Europe,Central America,Furniture,Corporate,5,21.99,0.089,100.16,0.072,4,0,0,0.2901174031996832
Standard Class,Pacific Asia,South America,Apparel,Consumer,3,27.44,0.313,56.55,0.118,4,0,0,0.3630770982622269
Standard Class,USCA,Oceania,Beauty,Corporate,5,385.68,0.199,1544.65,0.071,4,0,0,0.4098167438036408
First Class,USCA,Oceania,Fitness,Corporate,5,47.38,0.125,207.29,0.377,1,1,1,0.5222689088300397
Standard Class,USCA,South America,Electronics,Corporate,3,569.75,0.298,1199.89,0.2,4,0,0,0.35492748066246044
First Class,USCA,Western Europe,Fitness,Home Office,2,178.86,0.265,262.92,0.178,1,0,1,0.523998047311846
First Class,Europe,Western Europe,Beauty,Consumer,1,241.49,0.222,187.88,0.078,1,1,1,0.6201331853850229
Standard Class,USCA,Oceania,Fitness,Consumer,5,502.32,0.139,2162.49,0.053,4,0,0,0.38452095701291844
Second Class,Pacific Asia,Eastern Asia,Fitness,Home Office,2,234.04,0.015,461.06,-0.013,2,0,0,0.31944510466321785
Standard Class,LATAM,South America,Beauty,Corporate,3,270.46,0.28,584.19,0.173,4,0,0,0.3063541129506992
Standard Class,Pacific Asia,Eastern Asia,Beauty,Home Office,5,219.93,0.132,954.5,0.074,4,0,0,0.3004046532151451
First Class,Europe,Oceania,Fitness,Consumer,4,157.97,0.224,490.34,0.245,1,0,1,0.64745387579789
Standard Class,Pacific Asia,Western Europe,Apparel,Consumer,1,551.28,0.297,387.55,0.277,4,1,0,0.36199766574112846
First Class,Pacific Asia,Eastern Asia,Electronics,Corporate,2,189.34,0.112,336.27,0.105,1,1,1,0.7165728898623495
Second Class,Africa,Oceania,Fitness,Consumer,1,544.54,0.102,489.0,0.174,2,1,1,0.5373655050189213
Second Class,USCA,Western Europe,Beauty,Consumer,1,264.09,0.121,232.14,0.247,2,1,1,0.5093349344429838
First Class,Pacific Asia,Southeast Asia,Fitness,Corporate,5,237.87,0.328,799.24,0.311,1,1,1,0.7371879923085491
Standard Class,Africa,Western Europe,Fitness,Consumer,5,429.05,0.178,1763.4,0.274,4,1,1,0.5134032105235227
Standard Class,Pacific Asia,Southeast Asia,Apparel,Corporate,1,167.69,0.208,132.81,0.206,4,0,0,0.42412025788027724
Standard Class,Pacific Asia,Central America,Office Supplies,Consumer,2,416.03,0.077,767.99,0.329,4,0,0,0.3696181275545639
Standard Class,LATAM,Eastern Asia,Apparel,Corporate,4,211.01,0.078,778.2,0.283,4,1,0,0.35459326447440875
Second Class,Europe,Eastern Asia,Office Supplies,Home Office,2,328.5,0.141,564.36,0.242,2,0,0,0.3588792358579469
First Class,Pacific Asia,South America,Apparel,Consumer,1,117.61,0.09,107.03,0.341,1,1,1,0.6193166915821063
Second Class,LATAM,Eastern Europe,Apparel,Consumer,1,290.8,0.161,243.98,0.291,2,0,1,0.5565187595736851
Standard Class,Pacific Asia,Southeast Asia,Furniture,Consumer,4,505.23,0.287,1440.92,0.142,4,1,0,0.4595975696854573
Standard Class,Pacific Asia,West Africa,Apparel,Consumer,2,309.1,0.172,511.87,0.055,4,0,0,0.45332751047826225
Standard Class,LATAM,Southeast Asia,Beauty,Home Office,1,320.22,0.177,263.54,0.091,4,0,0,0.36673481093890814
Second Class,Europe,South America,Fitness,Corporate,5,518.52,0.297,1822.6,0.325,2,0,0,0.4088158724023064
Standard Class,USCA,Eastern Europe,Furniture,Consumer,1,184.01,0.017,180.88,0.077,4,0,0,0.47986836980315284
First Class,USCA,Eastern Europe,Furniture,Home Office,2,143.1,0.185,233.25,0.342,1,1,1,0.5701844395895717
Standard Class,Pacific Asia,Southeast Asia,Fitness,Corporate,2,469.51,0.156,792.53,0.212,4,0,0,0.4317058091501122
Standard Class,Pacific Asia,Western Europe,Apparel,Corporate,1,139.53,0.33,93.49,0.125,4,1,0,0.420786995920633
Standard Class,Pacific Asia,South America,Furniture,Consumer,3,433.94,0.328,874.82,0.128,4,1,0,0.43734116779269544
Standard Class,USCA,Eastern Asia,Furniture,Consumer,2,367.3,0.049,698.6,0.132,4,0,0,0.32383420957085246
Standard Class,Pacific Asia,Eastern Europe,Fitness,Home Office,2,128.75,0.274,186.94,0.174,4,0,0,0.4434093166774335
Standard Class,USCA,Oceania,Apparel,Corporate,5,206.96,0.265,760.58,0.258,4,0,0,0.404397920433771
Second Class,Pacific Asia,Central America,Apparel,Corporate,1,228.3,0.11,203.19,0.178,2,0,1,0.62379965492005
First Class,Pacific Asia,Eastern Asia,Furniture,Corporate,3,52.9,0.008,157.43,0.157,1,1,1,0.6266303914610237
Standard Class,LATAM,Southeast Asia,Electronics,Consumer,5,501.99,0.321,1704.26,0.243,4,0,0,0.4052472886022043
Second Class,USCA,West Africa,Beauty,Consumer,5,455.39,0.347,1486.85,0.332,2,1,1,0.5294456929160538
First Class,Europe,Central America,Electronics,Corporate,3,469.35,0.204,1120.81,0.31,1,0,1,0.6567853566171954
Standard Class,Pacific Asia,Eastern Asia,Furniture,Corporate,5,50.37,0.161,211.3,-0.029,4,1,0,0.4166087985117502
Second Class,Africa,Eastern Europe,Electronics,Consumer,2,586.2,0.102,1052.82,0.132,2,0,1,0.5441889817976208
First Class,Pacific Asia,Southeast Asia,Furniture,Consumer,3,272.69,0.215,642.18,-0.1,1,0,1,0.5443753476643157
First Class,LATAM,Central America,Fitness,Consumer,3,186.36,0.313,384.09,0.054,1,0,1,0.7370312492184877
Standard Class,USCA,Southeast Asia,Fitness,Corporate,2,44.37,0.114,78.62,0.244,4,0,0,0.277500664374777
Standard Class,Pacific Asia,Eastern Asia,Beauty,Consumer,4,491.72,0.152,1667.91,0.276,4,1,0,0.4616638305697601
Standard Class,LATAM,Oceania,Office Supplies,Consumer,1,158.08,0.088,144.17,0.181,4,0,0,0.3459579585790347
Second Class,Pacific Asia,Eastern Europe,Furniture,Corporate,4,203.2,0.247,612.04,0.298,2,1,1,0.5258181495786808
Standard Class,LATAM,West Africa,Office Supplies,Consumer,4,222.48,0.059,837.41,0.233,4,1,0,0.33731079396148334
Standard Class,USCA,Oceania,Furniture,Consumer,1,199.82,0.216,156.66,0.093,4,0,0,0.34235050538386114
Standard Class,Europe,West Africa,Fitness,Corporate,3,363.26,0.053,1032.02,-0.002,4,1,0,0.391103066021619
Same Day,Pacific Asia,Southeast Asia,Apparel,Consumer,2,217.81,0.12,383.35,0.285,0,0,0,0.4750073640776795
Standard Class,Africa,West Africa,Apparel,Home Office,2,74.0,0.222,115.14,0.059,4,1,1,0.5400919658487988
Standard Class,LATAM,South America,Fitness,Home Office,3,385.91,0.26,856.72,0.108,4,0,0,0.3311098801772697
Standard Class,Africa,Eastern Asia,Fitness,Corporate,4,153.89,0.241,467.21,0.244,4,0,0,0.4107787743674811
Second Class,Europe,Western Europe,Electronics,Home Office,3,263.35,0.059,743.44,0.165,2,0,0,0.46416526918087514
Second Class,Pacific Asia,Western Europe,Furniture,Consumer,2,167.52,0.347,218.78,0.052,2,0,0,0.45614350600884307
Standard Class,Europe,South America,Fitness,Home Office,5,87.58,0.173,362.14,0.123,4,0,0,0.46616384163643043
Standard Class,USCA,Western Europe,Electronics,Corporate,5,26.76,0.344,87.77,0.207,4,1,0,0.3167138125029821
First Class,Pacific Asia,West Africa,Furniture,Consumer,5,96.1,0.096,434.37,0.364,1,1,1,0.6770141416480963
Standard Class,Europe,Southeast Asia,Beauty,Home Office,4,525.76,0.181,1722.39,0.247,4,0,0,0.33339639435000523
First Class,LATAM,Eastern Asia,Office Supplies,Home Office,1,49.02,0.189,39.76,0.137,1,1,1,0.579833039908403
Second Class,Pacific Asia,Southeast Asia,Electronics,Corporate,2,449.09,0.045,857.76,0.109,2,0,1,0.5423795288124316
Standard Class,USCA,Eastern Europe,Office Supplies,Consumer,2,423.42,0.019,830.75,0.32,4,0,0,0.29624610571153176
Standard Class,USCA,Southeast Asia,Office Supplies,Corporate,5,206.61,0.211,815.08,0.222,4,0,0,0.33050036254459425
Standard Class,LATAM,Central America,Office Supplies,Consumer,2,499.12,0.14,858.49,0.198,4,0,0,0.39823286221054977
First Class,LATAM,Eastern Asia,Apparel,Consumer,3,187.75,0.329,377.94,0.176,1,1,1,0.720632985528671
Standard Class,USCA,Southeast Asia,Fitness,Consumer,3,330.6,0.187,806.33,0.406,4,0,0,0.19586887357798927
Standard Class,Pacific Asia,Central America,Electronics,Home Office,1,135.53,0.182,110.86,0.329,4,0,0,0.3669103058995137
Second Class,USCA,South America,Furniture,Corporate,5,220.69,0.236,843.04,0.262,2,0,1,0.5752323013804131
Standard Class,LATAM,Eastern Europe,Furniture,Consumer,4,492.05,0.12,1732.02,0.199,4,0,0,0.483272470777863
Standard Class,Africa,South America,Electronics,Consumer,4,194.1,0.109,691.77,0.177,4,0,1,0.5495066376365919
Standard Class,Pacific Asia,Oceania,Fitness,Corporate,2,296.19,0.122,520.11,0.272,4,0,0,0.40947836577613916
Second Class,USCA,Oceania,Furniture,Corporate,1,522.51,0.304,363.67,0.074,2,0,0,0.40278478775725424
Standard Class,Pacific Asia,West Africa,Apparel,Corporate,4,593.47,0.263,1749.55,0.061,4,1,0,0.4792145461279066
Second Class,Pacific Asia,Oceania,Beauty,Corporate,5,108.38,0.04,520.22,0.119,2,0,1,0.518433357312155
Standard Class,Africa,West Africa,Beauty,Consumer,3,363.61,0.075,1009.02,0.065,4,1,1,0.516457972991215
Standard Class,LATAM,Eastern Europe,Electronics,Home Office,4,82.21,0.246,247.95,0.091,4,0,0,0.4068661236429017
Same Day,Pacific Asia,Eastern Asia,Apparel,Consumer,3,118.54,0.162,298.01,0.061,0,0,0,0.37595731591037623
Second Class,Africa,Eastern Europe,Electronics,Home Office,4,23.0,0.096,83.17,0.345,2,0,1,0.5437081588769486
Second Class,USCA,Central America,Furniture,Consumer,5,83.68,0.255,311.71,0.36,2,0,1,0.5734308238851664
Standard Class,USCA,Central America,Office Supplies,Home Office,4,315.14,0.153,1067.69,0.3,4,0,0,0.33857297217720833
First Class,Europe,Western Europe,Apparel,Corporate,4,244.99,0.066,915.28,0.195,1,0,1,0.6514723518104917
Second Class,Europe,Southeast Asia,Apparel,Home Office,4,562.64,0.288,1602.4,0.219,2,0,0,0.3633539108088481
Standard Class,Pacific Asia,West Africa,Apparel,Corporate,5,269.58,0.023,1316.9,0.217,4,1,0,0.3434045645800115
Standard Class,Pacific Asia,Central America,Office Supplies,Consumer,1,422.85,0.182,345.89,0.068,4,0,0,0.3974052528961479
Second Class,LATAM,South America,Electronics,Consumer,1,120.1,0.194,96.8,0.162,2,1,1,0.5439079057043282
Standard Class,USCA,Central America,Electronics,Corporate,3,506.57,0.017,1493.87,0.215,4,0,0,0.3540566399247033
Standard Class,USCA,Eastern Asia,Apparel,Consumer,1,457.24,0.067,426.6,0.311,4,1,0,0.3338321908324763
Second Class,Europe,Eastern Europe,Electronics,Home Office,5,460.5,0.264,1694.64,0.336,2,0,0,0.42773316823255675
Second Class,LATAM,Southeast Asia,Fitness,Consumer,2,562.14,0.106,1005.11,0.326,2,1,1,0.5412705277938358
Second Class,USCA,Western Europe,Beauty,Consumer,4,202.12,0.128,704.99,0.179,2,0,1,0.5893815100738383
Standard Class,Pacific Asia,South America,Beauty,Corporate,5,296.88,0.15,1261.74,0.168,4,0,0,0.3890551209969244
Standard Class,USCA,Western Europe,Furniture,Consumer,2,218.33,0.101,392.56,0.087,4,0,0,0.28430824905721425
Standard Class,Pacific Asia,Central America,Furniture,Corporate,2,440.9,0.279,635.78,0.273,4,0,0,0.408036212334783
Standard Class,LATAM,Southeast Asia,Furniture,Consumer,4,346.95,0.089,1264.29,0.192,4,0,0,0.4555096468139347
Same Day,Pacific Asia,Central America,Office Supplies,Consumer,5,42.34,0.238,161.32,0.314,0,0,1,0.5071643385987272
Standard Class,USCA,South America,Furniture,Consumer,4,225.23,0.349,586.5,0.142,4,0,0,0.3975540377240623
Standard Class,Africa,West Africa,Office Supplies,Corporate,4,335.15,0.338,887.48,0.068,4,0,1,0.5484856988266881
Standard Class,Africa,West Africa,Beauty,Consumer,2,150.2,0.106,268.56,0.114,4,0,0,0.43781348931646286
Same Day,LATAM,Central America,Furniture,Consumer,5,407.02,0.187,1654.54,0.306,0,0,0,0.4350990100674539
Standard Class,LATAM,Central America,Electronics,Consumer,3,259.21,0.139,669.54,0.229,4,0,0,0.3013301921433629
Standard Class,USCA,Southeast Asia,Electronics,Home Office,2,399.82,0.168,665.3,0.387,4,1,0,0.25807698415538194
Standard Class,Africa,Southeast Asia,Electronics,Consumer,2,109.68,0.323,148.51,0.381,4,0,1,0.5138750812373382
Standard Class,Pacific Asia,Oceania,Furniture,Consumer,2,586.01,0.188,951.68,0.018,4,0,0,0.34347872949952
Second Class,Africa,Central America,Fitness,Corporate,1,331.53,0.06,311.64,0.344,2,0,1,0.5587826948534065
Standard Class,Europe,West Africa,Apparel,Consumer,2,499.19,0.227,771.75,0.139,4,0,0,0.45084723842338786
First Class,Africa,Eastern Asia,Furniture,Consumer,3,187.49,0.22,438.73,0.32,1,0,1,0.6978642295828056
Second Class,USCA,Eastern Europe,Office Supplies,Consumer,1,229.42,0.115,203.04,0.272,2,0,1,0.5105324155701708
Standard Class,USCA,Eastern Europe,Electronics,Home Office,3,442.32,0.146,1133.22,0.101,4,1,0,0.31842965653884936
Standard Class,Africa,Western Europe,Furniture,Consumer,2,62.64,0.279,90.33,0.229,4,0,0,0.45286294369766616
Standard Class,Africa,Eastern Asia,Electronics,Home Office,4,87.34,0.032,338.18,0.086,4,0,0,0.4555366888892219
Standard Class,USCA,Oceania,Beauty,Consumer,5,426.81,0.338,1412.74,0.184,4,1,0,0.42654449127979766
First Class,Pacific Asia,Southeast Asia,Office Supplies,Consumer,3,468.5,0.027,1367.55,0.295,1,1,1,0.6411076437730039
Second Class,USCA,Oceania,Apparel,Consumer,4,384.59,0.027,1496.82,0.095,2,0,0,0.4796117999199355
Second Class,Europe,Eastern Europe,Fitness,Consumer,1,397.06,0.046,378.8,-0.025,2,0,0,0.32860168791230177
Standard Class,USCA,South America,Office Supplies,Home Office,4,247.61,0.101,890.41,0.292,4,0,0,0.29420222901191695
First Class,Africa,Eastern Asia,Apparel,Home Office,2,161.92,0.232,248.71,0.211,1,1,1,0.7285460561985524
Standard Class,USCA,Southeast Asia,Fitness,Consumer,2,441.2,0.029,856.81,0.348,4,0,0,0.28955706635740913
Standard Class,USCA,South America,Office Supplies,Home Office,2,547.79,0.259,811.82,0.27,4,1,0,0.34301786145478846
Second Class,USCA,South America,Apparel,Home Office,3,463.91,0.093,1262.3,-0.019,2,1,0,0.3224281992621314
First Class,LATAM,Central America,Office Supplies,Consumer,4,258.15,0.277,746.57,0.333,1,1,1,0.714788960025321
Standard Class,LATAM,Eastern Asia,Office Supplies,Consumer,1,298.88,0.242,226.55,-0.1,4,0,0,0.4388057203331537
Second Class,USCA,Eastern Asia,Office Supplies,Corporate,3,225.93,0.086,619.5,0.253,2,0,1,0.5061322745895768
Standard Class,Europe,Eastern Europe,Beauty,Consumer,5,556.82,0.171,2308.02,0.133,4,1,0,0.3356942282308826
Standard Class,Pacific Asia,Eastern Asia,Furniture,Home Office,2,291.92,0.335,388.25,0.13,4,0,0,0.42578205910620526
Standard Class,USCA,Central America,Furniture,Consumer,2,299.5,0.057,564.86,0.293,4,0,0,0.3087128797997652
Second Class,Europe,Eastern Europe,Beauty,Corporate,4,520.93,0.058,1962.86,0.123,2,0,0,0.39935726672965166
Standard Class,USCA,Central America,Electronics,Consumer,1,288.1,0.224,223.57,0.442,4,0,0,0.22250510339593996
Standard Class,LATAM,West Africa,Furniture,Consumer,1,569.89,0.278,411.46,0.142,4,1,0,0.381289293099535
Second Class,USCA,Oceania,Apparel,Consumer,5,471.59,0.345,1544.46,0.114,2,0,0,0.44849487668605026
Standard Class,Europe,Oceania,Fitness,Consumer,2,54.88,0.027,106.8,0.168,4,0,0,0.42733022053759356
Second Class,Pacific Asia,Eastern Europe,Fitness,Home Office,1,294.03,0.296,207.0,0.186,2,1,0,0.49771962951746074
Same Day,LATAM,South America,Beauty,Consumer,2,269.64,0.151,457.85,0.295,0,0,0,0.4449919963401147
Same Day,LATAM,Western Europe,Fitness,Consumer,5,200.83,0.025,979.05,0.305,0,0,1,0.511391199918061
Standard Class,Europe,South America,Furniture,Consumer,4,45.97,0.293,130.0,0.117,4,1,0,0.3728584992318887
Standard Class,LATAM,Western Europe,Fitness,Home Office,1,225.65,0.306,156.6,0.181,4,0,0,0.3415863369707338
Standard Class,Europe,West Africa,Apparel,Consumer,5,400.12,0.201,1598.48,0.233,4,0,1,0.5526738666959209
First Class,Pacific Asia,West Africa,Electronics,Corporate,2,353.45,0.005,703.37,0.07,1,1,1,0.6920905568860798
Standard Class,Europe,Eastern Asia,Beauty,Consumer,1,511.05,0.331,341.89,0.033,4,0,0,0.29868012514116454
Standard Class,USCA,Oceania,Office Supplies,Consumer,4,505.05,0.159,1698.99,0.278,4,0,0,0.44130815655212047
Standard Class,LATAM,Oceania,Electronics,Consumer,1,462.65,0.056,436.74,0.153,4,1,0,0.3417432975930021
Standard Class,Europe,Eastern Asia,Office Supplies,Home Office,3,356.87,0.113,949.63,0.203,4,0,0,0.26018844496067706
Standard Class,Pacific Asia,Oceania,Electronics,Consumer,3,456.96,0.006,1362.65,0.439,4,1,0,0.3185427338941461
Second Class,LATAM,Oceania,Fitness,Consumer,5,318.66,0.297,1120.09,-0.071,2,0,0,0.3759193542237059
Standard Class,USCA,Oceania,Fitness,Corporate,1,384.84,0.22,300.18,0.145,4,0,0,0.2895996580104635
Standard Class,Pacific Asia,Central America,Furniture,Home Office,5,244.44,0.011,1208.76,0.325,4,0,0,0.40384945211006096
Standard Class,USCA,Oceania,Apparel,Corporate,3,158.1,0.222,369.01,0.049,4,0,0,0.3103604543372398
Standard Class,Europe,West Africa,Fitness,Consumer,3,355.37,0.161,894.47,0.109,4,1,0,0.40182426406740535
Standard Class,Europe,Eastern Europe,Electronics,Corporate,2,531.42,0.061,998.01,0.27,4,0,0,0.3335086286305183
Second Class,LATAM,West Africa,Office Supplies,Consumer,4,103.07,0.211,325.29,0.11,2,1,1,0.594452523094168
Standard Class,Europe,Eastern Europe,Furniture,Consumer,1,458.19,0.247,345.02,0.086,4,0,0,0.38811889131894384
Standard Class,Pacific Asia,Oceania,Fitness,Consumer,2,93.82,0.128,163.62,0.205,4,0,0,0.39670415466712083
Standard Class,Europe,Central America,Apparel,Consumer,2,463.67,0.174,765.98,0.24,4,0,0,0.29966681425913144
Second Class,Europe,Eastern Europe,Furniture,Consumer,4,394.72,0.281,1135.21,0.132,2,0,1,0.5296619659962991
Standard Class,Europe,Eastern Asia,Apparel,Corporate,2,407.29,0.327,548.21,0.022,4,0,0,0.2882584069577664
Standard Class,USCA,Southeast Asia,Electronics,Consumer,5,505.84,0.33,1694.56,0.188,4,1,0,0.3632132102087192
Standard Class,LATAM,South America,Office Supplies,Corporate,1,443.38,0.099,399.49,0.068,4,0,0,0.3227896829513336
Standard Class,LATAM,Southeast Asia,Fitness,Corporate,2,565.43,0.181,926.17,0.226,4,1,0,0.32005408219511516
Standard Class,Europe,Oceania,Apparel,Consumer,2,127.7,0.183,208.66,0.409,4,1,0,0.2194245164331883
Standard Class,USCA,Western Europe,Fitness,Consumer,3,245.35,0.106,658.03,0.203,4,0,0,0.25925387749099277
Standard Class,LATAM,Western Europe,Apparel,Consumer,1,366.75,0.218,286.8,0.243,4,0,0,0.33904060957360255
Standard Class,Europe,Central America,Office Supplies,Corporate,2,54.44,0.095,98.54,0.146,4,0,0,0.3247643445709463
Second Class,Africa,Eastern Europe,Beauty,Home Office,3,298.02,0.093,810.91,0.098,2,0,1,0.6306440929112581
Standard Class,Europe,Central America,Office Supplies,Home Office,1,383.86,0.122,337.03,0.08,4,0,0,0.32317371163245256
Standard Class,USCA,Eastern Asia,Fitness,Consumer,5,347.8,0.187,1413.81,0.253,4,0,0,0.3540470851799343
Standard Class,Europe,Eastern Asia,Fitness,Consumer,4,78.45,0.199,251.35,0.258,4,1,0,0.2854996132463875
Standard Class,Europe,Eastern Europe,Furniture,Consumer,4,522.82,0.053,1980.44,0.259,4,0,0,0.4308122977813264
Second Class,Africa,Western Europe,Office Supplies,Consumer,5,541.29,0.266,1986.53,0.25,2,1,1,0.52280732697391
First Class,LATAM,Eastern Asia,Office Supplies,Home Office,4,378.72,0.043,1449.74,0.141,1,1,1,0.7337056283457791
First Class,LATAM,South America,Fitness,Consumer,2,63.3,0.039,121.66,0.052,1,0,1,0.5822459758083454
Second Class,LATAM,Central America,Apparel,Consumer,5,425.15,0.189,1723.98,0.257,2,0,1,0.5765466545738717
Same Day,Pacific Asia,Oceania,Beauty,Corporate,5,356.97,0.101,1604.58,0.252,0,0,0,0.4422560181574739
Standard Class,LATAM,South America,Fitness,Home Office,4,589.01,0.184,1922.53,0.251,4,0,0,0.32937586552435055
First Class,Africa,Western Europe,Office Supplies,Consumer,1,548.59,0.041,526.1,0.114,1,1,1,0.6710220385686909
Standard Class,Pacific Asia,Southeast Asia,Apparel,Corporate,3,266.9,0.205,636.56,0.266,4,0,0,0.3906003853338566
Second Class,USCA,Eastern Asia,Beauty,Corporate,4,146.1,0.08,537.65,0.13,2,1,1,0.5552568304417592
Second Class,USCA,South America,Fitness,Consumer,4,390.66,0.114,1384.5,0.215,2,1,1,0.6038752267712167
First Class,LATAM,Eastern Europe,Apparel,Corporate,4,295.88,0.055,1118.43,0.052,1,1,1,0.6673739053522001
First Class,USCA,Eastern Europe,Beauty,Consumer,5,148.73,0.243,562.94,0.136,1,1,1,0.7328189420750887
Same Day,Africa,Southeast Asia,Beauty,Consumer,2,531.92,0.199,852.14,0.157,0,1,0,0.42673273584740296
Standard Class,LATAM,Central America,Fitness,Consumer,1,52.21,0.13,45.42,0.129,4,0,0,0.34443364098297097
Standard Class,USCA,Western Europe,Apparel,Corporate,2,337.74,0.15,574.16,0.074,4,0,0,0.30493993850988693
First Class,LATAM,Eastern Europe,Electronics,Consumer,5,262.72,0.21,1037.74,0.08,1,0,1,0.7213895874195032
Second Class,Africa,Eastern Europe,Furniture,Consumer,4,508.03,0.228,1568.8,0.307,2,1,1,0.5620790971171226
Standard Class,USCA,Central America,Electronics,Corporate,4,372.49,0.213,1172.6,0.377,4,0,0,0.36292058374202474
Standard Class,USCA,Central America,Electronics,Consumer,3,237.67,0.298,500.53,0.328,4,0,0,0.3222025199230193
Standard Class,USCA,Eastern Asia,Electronics,Consumer,1,474.85,0.002,473.9,0.127,4,1,0,0.3832658474210926
Standard Class,LATAM,West Africa,Apparel,Corporate,5,405.43,0.031,1964.31,0.102,4,0,0,0.35600897520768193
Standard Class,LATAM,Central America,Beauty,Consumer,3,357.61,0.283,769.22,0.286,4,0,0,0.3437560699340903
Standard Class,USCA,Central America,Office Supplies,Consumer,5,373.14,0.1,1679.13,0.396,4,1,0,0.2941373525226871
Standard Class,Europe,Oceania,Fitness,Consumer,4,344.91,0.125,1207.19,0.108,4,0,0,0.35360001165938376
Standard Class,LATAM,Southeast Asia,Fitness,Corporate,5,448.41,0.267,1643.42,0.15,4,0,0,0.41001264687400996
Second Class,LATAM,Eastern Europe,Office Supplies,Consumer,1,82.71,0.219,64.6,-0.025,2,1,0,0.3458520792094153
Standard Class,Africa,Eastern Asia,Electronics,Consumer,1,526.21,0.177,433.07,0.077,4,1,0,0.48486038238502743
Second Class,Europe,Southeast Asia,Office Supplies,Consumer,4,406.43,0.331,1087.61,0.254,2,0,0,0.4913060410492024
Standard Class,USCA,Eastern Asia,Fitness,Consumer,3,417.58,0.174,1034.76,0.225,4,1,0,0.3096094064927655
Standard Class,Pacific Asia,Oceania,Beauty,Corporate,1,248.54,0.3,173.98,0.331,4,0,0,0.4144541101023777
Second Class,Europe,Central America,Electronics,Corporate,4,360.45,0.15,1225.53,0.214,2,1,0,0.4831250427131356
Standard Class,USCA,Eastern Asia,Fitness,Consumer,5,372.48,0.239,1417.29,0.115,4,0,0,0.39470893088453074
Standard Class,Pacific Asia,Southeast Asia,Electronics,Consumer,3,370.33,0.35,722.14,0.218,4,0,0,0.316035722732906
Standard Class,USCA,West Africa,Furniture,Consumer,5,374.98,0.304,1304.93,0.184,4,0,0,0.42716551009299986
Standard Class,Europe,West Africa,Office Supplies,Corporate,2,413.4,0.166,689.55,0.223,4,1,0,0.3711126116888401
Standard Class,LATAM,Eastern Europe,Beauty,Consumer,2,366.88,0.29,520.97,0.227,4,0,0,0.3632742128823474
Standard Class,Europe,Eastern Europe,Electronics,Consumer,4,205.7,0.165,687.04,0.326,4,1,0,0.37060352318202
First Class,LATAM,South America,Furniture,Consumer,2,72.65,0.25,108.98,0.145,1,0,1,0.6300385356262832
First Class,LATAM,South America,Office Supplies,Consumer,4,547.54,0.16,1839.73,-0.031,1,1,1,0.6048003452217343
Standard Class,LATAM,South America,Beauty,Home Office,1,190.24,0.254,141.92,0.13,4,0,0,0.37903311547616736
Second Class,Pacific Asia,Central America,Furniture,Home Office,4,236.61,0.032,916.15,0.16,2,0,1,0.600784557604424
First Class,Africa,West Africa,Furniture,Corporate,5,352.27,0.195,1417.89,0.107,1,1,1,0.7668403223062165
Second Class,Europe,Central America,Fitness,Consumer,2,97.78,0.35,127.11,0.256,2,0,1,0.5434244201670998
Standard Class,Africa,Eastern Asia,Fitness,Home Office,3,82.11,0.041,236.23,0.003,4,0,0,0.4610760318489918
Second Class,LATAM,Eastern Asia,Electronics,Corporate,2,104.2,0.303,145.25,0.261,2,1,0,0.45742069678751923
Standard Class,USCA,Southeast Asia,Beauty,Consumer,2,253.9,0.179,416.9,0.189,4,0,0,0.38140788524028535
Standard Class,Europe,Eastern Asia,Fitness,Corporate,5,373.24,0.034,1802.75,0.184,4,1,0,0.29376022070809327
Standard Class,LATAM,South America,Fitness,Consumer,4,234.47,0.011,927.56,0.055,4,0,0,0.3259733737934045
Standard Class,Europe,South America,Electronics,Corporate,1,139.09,0.101,125.04,0.313,4,0,0,0.2572650698205001
Second Class,Europe,Oceania,Office Supplies,Home Office,5,65.05,0.158,273.86,0.261,2,0,0,0.4268788710454958
Standard Class,LATAM,Western Europe,Apparel,Consumer,5,583.68,0.087,2664.5,0.083,4,0,0,0.36400025720846396
Standard Class,Europe,South America,Beauty,Consumer,1,251.7,0.135,217.72,0.043,4,0,0,0.2569860565982576
Standard Class,Europe,South America,Fitness,Consumer,1,364.57,0.184,297.49,0.12,4,0,0,0.24533036040060166
Standard Class,Europe,South America,Fitness,Consumer,5,457.55,0.04,2196.24,0.225,4,0,0,0.2908848180826308
Standard Class,USCA,Eastern Europe,Furniture,Corporate,1,435.83,0.018,427.99,-0.008,4,0,0,0.4351625472010222
Second Class,LATAM,West Africa,Apparel,Corporate,2,330.35,0.272,480.99,0.128,2,0,1,0.509601724327283
Same Day,USCA,Eastern Europe,Apparel,Corporate,3,165.6,0.213,390.98,0.247,0,1,0,0.3899733202799812
Second Class,Europe,Central America,Electronics,Corporate,1,273.74,0.334,182.31,0.335,2,0,0,0.4786381935625247
Standard Class,Pacific Asia,Southeast Asia,Office Supplies,Corporate,2,364.51,0.017,716.63,0.094,4,1,0,0.3500726774468381
Second Class,Europe,Eastern Asia,Fitness,Consumer,4,525.91,0.212,1657.67,0.071,2,0,0,0.4618390314561252
Same Day,LATAM,Central America,Office Supplies,Corporate,4,265.26,0.299,743.79,0.159,0,1,1,0.5871891264428404
Standard Class,Europe,Western Europe,Office Supplies,Corporate,5,55.74,0.176,229.65,0.25,4,0,0,0.3977270880370742
Standard Class,Europe,South America,Office Supplies,Corporate,2,237.4,0.135,410.7,0.156,4,0,0,0.24942440750642225
Standard Class,Africa,Central America,Apparel,Consumer,4,49.58,0.264,145.96,0.367,4,0,0,0.4554381689560073
Second Class,Europe,Eastern Asia,Fitness,Corporate,1,386.71,0.183,315.94,0.233,2,0,0,0.44322059103516553
Standard Class,Pacific Asia,Oceania,Beauty,Consumer,4,245.89,0.141,844.88,0.093,4,1,0,0.3934356330349004
Second Class,Pacific Asia,Eastern Asia,Furniture,Consumer,2,340.42,0.118,600.5,0.238,2,1,1,0.5148583759252751
Standard Class,USCA,Oceania,Office Supplies,Consumer,1,104.44,0.24,79.37,0.153,4,0,0,0.38554616950854986
Standard Class,Africa,Eastern Asia,Electronics,Corporate,1,46.04,0.008,45.67,0.023,4,1,0,0.33935938137929317
Standard Class,USCA,Eastern Europe,Electronics,Corporate,5,550.91,0.058,2594.79,0.109,4,0,0,0.36948913802628586
First Class,USCA,South America,Fitness,Home Office,1,301.26,0.2,241.01,0.033,1,1,0,0.4855860386364516
Standard Class,USCA,South America,Furniture,Corporate,2,382.62,0.084,700.96,0.023,4,0,0,0.36268962599679644
Standard Class,Pacific Asia,Oceania,Office Supplies,Home Office,4,209.08,0.077,771.92,0.149,4,1,0,0.31242611025335726
Standard Class,Pacific Asia,West Africa,Apparel,Consumer,4,229.12,0.264,674.53,0.261,4,1,0,0.4573612823104835
Second Class,Europe,Southeast Asia,Beauty,Home Office,3,432.38,0.245,979.34,0.235,2,1,0,0.4658076126453105
Standard Class,LATAM,Western Europe,Office Supplies,Corporate,2,254.72,0.243,385.65,0.186,4,0,0,0.3136099059457051
Second Class,LATAM,Oceania,Beauty,Home Office,5,347.16,0.139,1494.52,0.222,2,1,1,0.5466746079300685
Standard Class,Pacific Asia,Southeast Asia,Fitness,Consumer,5,233.82,0.15,993.73,0.09,4,0,0,0.3805082897153433
Same Day,USCA,Western Europe,Fitness,Corporate,3,56.21,0.166,140.64,0.14,0,0,0,0.40616181243069505
Standard Class,USCA,Eastern Asia,Fitness,Home Office,1,401.63,0.255,299.21,0.066,4,1,0,0.35018308187585234
Second Class,Africa,West Africa,Apparel,Consumer,4,303.91,0.133,1053.96,0.217,2,1,1,0.6348882632503419
Standard Class,LATAM,Southeast Asia,Fitness,Corporate,5,153.39,0.278,553.74,0.224,4,0,0,0.3773126538037835
Standard Class,USCA,Southeast Asia,Fitness,Corporate,2,173.57,0.221,270.42,0.077,4,0,0,0.30539799780198346
Second Class,LATAM,Eastern Asia,Beauty,Home Office,3,43.26,0.268,95.0,0.04,2,1,0,0.3782175817543277
Standard Class,LATAM,Western Europe,Electronics,Corporate,2,278.16,0.056,525.17,0.124,4,0,0,0.29412281173935906
Standard Class,USCA,Western Europe,Furniture,Consumer,2,301.54,0.294,425.77,-0.032,4,1,0,0.3116816250534047
Standard Class,USCA,Southeast Asia,Fitness,Consumer,4,80.36,0.249,241.4,0.126,4,1,0,0.352286176681169
First Class,LATAM,Southeast Asia,Apparel,Consumer,1,240.91,0.312,165.75,0.166,1,1,1,0.6896127358865406
Standard Class,USCA,Western Europe,Beauty,Consumer,4,373.31,0.038,1436.5,0.305,4,1,0,0.44277814645592406
Standard Class,USCA,Oceania,Office Supplies,Corporate,2,594.76,0.304,827.91,0.255,4,1,0,0.32812022451925404
Standard Class,USCA,South America,Office Supplies,Consumer,1,20.56,0.24,15.63,0.209,4,0,0,0.3444027974968881
Standard Class,USCA,Central America,Apparel,Corporate,4,64.69,0.174,213.74,0.263,4,0,0,0.38612636377020026
Standard Class,LATAM,Oceania,Furniture,Consumer,5,335.66,0.172,1389.63,0.086,4,1,0,0.37116043854159225
Same Day,Africa,West Africa,Office Supplies,Consumer,4,534.95,0.149,1820.97,0.141,0,1,0,0.4435146896409028
Standard Class,Africa,Western Europe,Furniture,Corporate,3,248.02,0.138,641.38,0.235,4,0,0,0.4319041724445364
Standard Class,Europe,Eastern Europe,Fitness,Consumer,5,160.07,0.05,760.33,0.205,4,0,0,0.3822805257122002
Standard Class,Africa,Oceania,Electronics,Consumer,5,51.63,0.277,186.64,-0.019,4,0,0,0.47701009468781636
Standard Class,Europe,South America,Apparel,Home Office,2,269.91,0.208,427.54,0.161,4,0,0,0.323787306321156
First Class,USCA,Central America,Electronics,Home Office,3,133.75,0.085,367.14,0.186,1,0,1,0.6995894548275083
Standard Class,LATAM,Central America,Furniture,Consumer,2,247.83,0.127,432.71,-0.053,4,1,0,0.3127914295654924
Standard Class,LATAM,Oceania,Furniture,Corporate,3,286.76,0.122,755.33,0.012,4,0,0,0.31907698775024634
Second Class,Africa,Central America,Fitness,Home Office,5,513.13,0.261,1896.02,0.177,2,1,1,0.572276871147933
Second Class,Europe,Southeast Asia,Beauty,Consumer,2,327.99,0.239,499.2,0.09,2,1,0,0.45632208331802276
Standard Class,Pacific Asia,Central America,Beauty,Consumer,1,250.39,0.204,199.31,0.083,4,0,0,0.42799278408747576
Standard Class,Pacific Asia,Eastern Europe,Beauty,Consumer,5,316.29,0.179,1298.37,0.026,4,0,0,0.39010023301924746
Standard Class,Europe,West Africa,Office Supplies,Consumer,5,425.05,0.159,1787.34,0.258,4,0,1,0.5060264950783507
Standard Class,USCA,Central America,Office Supplies,Corporate,5,314.88,0.314,1080.04,0.057,4,0,0,0.40627597717534597
Same Day,LATAM,Oceania,Apparel,Consumer,3,505.65,0.283,1087.65,-0.048,0,0,0,0.3482457813778778
Standard Class,Pacific Asia,Southeast Asia,Beauty,Corporate,1,26.96,0.074,24.96,0.279,4,0,0,0.2918418321109087
Same Day,Africa,South America,Fitness,Corporate,2,180.75,0.145,309.08,0.184,0,1,1,0.554132331456669
Standard Class,Europe,Eastern Europe,Electronics,Corporate,4,187.91,0.043,719.32,0.328,4,0,0,0.3552479674687956
Standard Class,Europe,Eastern Europe,Office Supplies,Consumer,4,453.0,0.117,1600.0,0.016,4,0,0,0.34954834333529106
Standard Class,LATAM,Eastern Asia,Office Supplies,Consumer,5,270.08,0.238,1029.0,0.384,4,1,0,0.35560309195974343
Standard Class,Pacific Asia,West Africa,Apparel,Home Office,4,435.59,0.253,1301.54,0.265,4,1,0,0.45914695670352285
First Class,LATAM,Eastern Asia,Office Supplies,Consumer,3,444.89,0.136,1153.15,0.116,1,1,1,0.708404315063887
Standard Class,LATAM,Oceania,Beauty,Corporate,2,428.03,0.102,768.74,0.312,4,0,0,0.3341483385778913
Standard Class,USCA,Eastern Asia,Fitness,Consumer,3,590.6,0.309,1224.31,0.167,4,1,0,0.29626758928143593
Second Class,Europe,Eastern Europe,Electronics,Consumer,2,497.24,0.088,906.97,0.165,2,0,0,0.4801787104491226
Second Class,USCA,Eastern Asia,Fitness,Consumer,5,396.96,0.024,1937.16,0.099,2,1,0,0.4562495753140701
First Class,Africa,Central America,Apparel,Consumer,5,433.5,0.049,2061.29,0.178,1,1,1,0.7276343435566706
Second Class,Europe,Oceania,Electronics,Home Office,2,395.02,0.283,566.46,0.146,2,0,0,0.47613403816620614
Second Class,USCA,Central America,Electronics,Consumer,3,502.6,0.321,1023.8,0.049,2,1,0,0.3709890051439369
Same Day,LATAM,Western Europe,Furniture,Consumer,1,441.85,0.32,300.46,0.226,0,0,0,0.4637245230623681
Standard Class,Europe,Western Europe,Beauty,Corporate,5,394.71,0.047,1880.79,0.276,4,0,0,0.3936161433652734
First Class,LATAM,Eastern Europe,Furniture,Corporate,5,22.9,0.089,104.31,0.073,1,1,1,0.6413102596076443
Standard Class,Europe,Western Europe,Apparel,Consumer,5,230.81,0.079,1062.88,0.047,4,0,0,0.3637765872138664
Standard Class,LATAM,Eastern Europe,Apparel,Home Office,2,583.95,0.076,1079.14,0.205,4,0,0,0.2852611971681237
Standard Class,Pacific Asia,Southeast Asia,Electronics,Corporate,1,106.62,0.328,71.65,0.077,4,0,0,0.34295233540325076
Same Day,USCA,South America,Fitness,Consumer,3,355.34,0.229,821.9,0.209,0,1,0,0.37117141657602526
First Class,Africa,Southeast Asia,Electronics,Consumer,1,323.33,0.173,267.39,0.45,1,1,1,0.5816814616180949
First Class,USCA,West Africa,Beauty,Corporate,5,404.37,0.246,1524.47,0.174,1,1,1,0.7191731092018075
First Class,USCA,Eastern Asia,Office Supplies,Consumer,2,311.85,0.145,533.26,0.193,1,0,1,0.6987388270224097
Standard Class,Europe,South America,Apparel,Corporate,1,112.62,0.11,100.23,0.237,4,0,0,0.2643132387494153
Standard Class,Europe,Eastern Asia,Apparel,Consumer,2,299.4,0.205,476.05,0.29,4,1,0,0.2628700452639409
First Class,Pacific Asia,Oceania,Electronics,Consumer,3,197.06,0.28,425.65,0.18,1,1,1,0.672238234334926
Standard Class,Africa,Central America,Office Supplies,Corporate,4,319.41,0.121,1123.05,0.239,4,0,1,0.5875689956161992
Second Class,Africa,Eastern Asia,Fitness,Consumer,5,234.14,0.186,952.95,0.223,2,0,1,0.6368559729283009
Standard Class,Pacific Asia,Eastern Europe,Apparel,Home Office,1,384.94,0.21,304.1,-0.056,4,0,0,0.418410363619924
Standard Class,LATAM,Eastern Europe,Office Supplies,Consumer,1,543.37,0.045,518.92,0.206,4,0,0,0.34518586636125265
Second Class,Pacific Asia,Eastern Asia,Apparel,Consumer,2,175.94,0.279,253.71,0.242,2,0,1,0.5695165456588923
Standard Class,Pacific Asia,Central America,Office Supplies,Consumer,4,324.71,0.134,1124.8,0.178,4,1,0,0.44050888018180745
Standard Class,LATAM,Eastern Europe,Beauty,Consumer,1,140.4,0.3,98.28,0.044,4,0,0,0.4200515409533728
Standard Class,Pacific Asia,Eastern Europe,Fitness,Consumer,4,33.43,0.05,127.03,0.295,4,1,0,0.4127015474729898
Second Class,Europe,Eastern Europe,Office Supplies,Consumer,2,101.67,0.087,185.65,0.201,2,0,1,0.5268285556985249
Standard Class,Europe,Central America,Office Supplies,Corporate,4,355.22,0.18,1165.12,0.14,4,0,0,0.32427666109204767
Standard Class,Africa,West Africa,Electronics,Consumer,2,125.21,0.162,209.85,0.189,4,1,0,0.4096478319870372
Second Class,Europe,Western Europe,Office Supplies,Consumer,4,521.75,0.037,2009.78,0.192,2,1,0,0.3910817749895201
First Class,Pacific Asia,Western Europe,Apparel,Consumer,1,227.25,0.219,177.48,0.193,1,1,1,0.7110611135571168
Second Class,Africa,Eastern Asia,Fitness,Corporate,2,518.42,0.293,733.05,0.45,2,1,0,0.4787100015513986
Standard Class,LATAM,West Africa,Beauty,Consumer,4,475.01,0.006,1888.64,0.122,4,0,0,0.4530902459310451
Standard Class,Africa,West Africa,Apparel,Corporate,1,119.96,0.226,92.85,0.062,4,0,0,0.48760537906440277
First Class,Europe,Central America,Electronics,Consumer,2,491.55,0.074,910.35,0.449,1,1,1,0.5811569481894849
Standard Class,Europe,Southeast Asia,Office Supplies,Consumer,2,504.21,0.134,873.29,0.101,4,0,0,0.293963310879354
Second Class,LATAM,Oceania,Beauty,Corporate,4,248.74,0.292,704.43,0.407,2,1,1,0.5733399384651432
Second Class,Africa,West Africa,Apparel,Consumer,3,599.02,0.006,1786.28,0.277,2,0,0,0.47552879853961394
Standard Class,Pacific Asia,Eastern Asia,Fitness,Consumer,4,291.76,0.346,763.24,0.236,4,0,0,0.4386660063304129
First Class,LATAM,Western Europe,Beauty,Corporate,4,261.11,0.061,980.73,0.168,1,1,1,0.679886166142654
First Class,USCA,Western Europe,Beauty,Home Office,3,424.39,0.114,1128.03,0.333,1,0,1,0.5747614387212333
Standard Class,USCA,West Africa,Apparel,Corporate,3,454.92,0.304,949.87,0.297,4,0,0,0.4087220100178681
Second Class,USCA,Oceania,Furniture,Consumer,3,146.38,0.185,357.9,0.113,2,0,0,0.48300431521406967
First Class,Pacific Asia,West Africa,Electronics,Consumer,2,583.94,0.29,829.19,0.203,1,1,1,0.6418541554879215
Second Class,USCA,West Africa,Furniture,Consumer,2,349.4,0.089,636.61,0.069,2,1,0,0.4812354234738252
Standard Class,USCA,South America,Apparel,Consumer,3,429.67,0.346,843.01,0.263,4,0,0,0.3203701670355239
Standard Class,Pacific Asia,Eastern Europe,Furniture,Home Office,5,408.62,0.076,1887.82,0.304,4,0,0,0.3890070754387829
Second Class,USCA,West Africa,Electronics,Consumer,4,320.68,0.342,844.03,0.084,2,1,1,0.5903508690063011
Standard Class,Pacific Asia,Eastern Asia,Beauty,Consumer,4,551.67,0.188,1791.82,0.152,4,0,0,0.4244224081055625
Second Class,Pacific Asia,South America,Electronics,Consumer,2,371.05,0.094,672.34,0.155,2,0,1,0.57612007719729
Standard Class,Pacific Asia,Eastern Europe,Beauty,Consumer,1,180.98,0.199,144.96,0.165,4,1,0,0.4762144407765695
Standard Class,LATAM,Eastern Asia,Apparel,Consumer,3,441.96,0.301,926.79,0.081,4,0,0,0.3517823296492851
Standard Class,Africa,West Africa,Electronics,Home Office,5,67.64,0.175,279.02,0.33,4,0,0,0.46033927565633626
Second Class,Africa,South America,Office Supplies,Home Office,5,137.52,0.184,561.08,0.095,2,1,1,0.6058330520000161
Second Class,Europe,Oceania,Apparel,Home Office,5,332.11,0.034,1604.09,0.314,2,0,0,0.40439102420168094
Standard Class,Africa,Western Europe,Electronics,Consumer,3,265.57,0.116,704.29,0.251,4,1,0,0.39485680250498706
Standard Class,LATAM,Eastern Asia,Apparel,Consumer,4,85.67,0.178,281.68,-0.004,4,0,0,0.3176329782896729
Standard Class,USCA,Southeast Asia,Apparel,Corporate,3,369.17,0.309,765.29,0.071,4,0,0,0.44086654679989246
Second Class,USCA,Eastern Europe,Furniture,Corporate,4,338.78,0.211,1069.19,0.076,2,0,1,0.510685771905299
First Class,Africa,Western Europe,Office Supplies,Consumer,3,72.46,0.054,205.64,0.284,1,1,1,0.6906989434858586
Standard Class,USCA,Western Europe,Furniture,Consumer,5,583.54,0.062,2736.8,0.052,4,0,0,0.394162688332533
First Class,USCA,Eastern Europe,Furniture,Corporate,1,202.8,0.342,133.44,0.353,1,1,1,0.585304087177694
Same Day,USCA,South America,Electronics,Consumer,5,25.71,0.262,94.87,0.114,0,1,0,0.4515514670254581
First Class,Pacific Asia,Southeast Asia,Apparel,Consumer,3,125.9,0.22,294.61,0.228,1,0,1,0.7065631092252546
First Class,LATAM,South America,Office Supplies,Consumer,3,189.95,0.074,527.68,0.144,1,1,1,0.687856410649194
Second Class,Africa,Eastern Europe,Fitness,Home Office,4,444.95,0.339,1176.45,0.222,2,0,1,0.5367522972155062
First Class,Africa,Oceania,Apparel,Consumer,3,120.5,0.269,264.26,0.245,1,0,1,0.758093061449851
Standard Class,Pacific Asia,South America,Office Supplies,Corporate,1,319.1,0.333,212.84,0.213,4,0,0,0.3222805263011389
Standard Class,LATAM,West Africa,Electronics,Consumer,2,520.75,0.007,1034.21,0.366,4,0,0,0.2919904854476715
Standard Class,Pacific Asia,Western Europe,Apparel,Home Office,2,563.45,0.153,954.48,0.21,4,0,0,0.3215182269757026
Standard Class,USCA,Southeast Asia,Fitness,Corporate,3,560.27,0.027,1635.43,0.226,4,1,0,0.24057032306391943
Standard Class,Europe,South America,Fitness,Corporate,3,394.65,0.261,874.94,0.183,4,1,0,0.2956096613518187
Standard Class,USCA,West Africa,Office Supplies,Home Office,5,368.85,0.167,1536.26,0.312,4,0,0,0.3531886821117953
Standard Class,USCA,South America,Electronics,Consumer,4,387.83,0.12,1365.16,0.2,4,0,0,0.45086310891347803
Second Class,Europe,Eastern Europe,Electronics,Corporate,2,254.9,0.209,403.25,0.221,2,0,0,0.48455405029184806
First Class,Europe,Oceania,Office Supplies,Consumer,4,320.67,0.22,1000.49,0.019,1,0,1,0.6569669520618798
Second Class,Europe,Eastern Europe,Electronics,Corporate,3,453.55,0.236,1039.54,0.164,2,0,0,0.42939569186413074
Standard Class,Europe,Eastern Europe,Apparel,Home Office,2,128.23,0.244,193.88,0.188,4,0,0,0.2818964934224968
Standard Class,LATAM,Central America,Fitness,Home Office,2,476.88,0.192,770.64,0.23,4,0,0,0.27933511232374897
Standard Class,Africa,Eastern Asia,Office Supplies,Consumer,5,402.77,0.316,1377.47,-0.067,4,0,0,0.4417264408463347
Standard Class,Pacific Asia,Western Europe,Beauty,Consumer,1,536.02,0.109,477.59,0.135,4,0,0,0.33061946603934095
Standard Class,Africa,Western Europe,Beauty,Home Office,4,27.52,0.236,84.1,0.104,4,0,0,0.40667805108391925
Standard Class,LATAM,West Africa,Furniture,Consumer,3,379.81,0.303,794.18,0.188,4,0,0,0.32634278619835966
First Class,Europe,Central America,Fitness,Home Office,1,41.51,0.102,37.28,0.302,1,1,0,0.46768899677668374
Standard Class,Europe,West Africa,Fitness,Consumer,1,105.4,0.092,95.7,0.24,4,0,0,0.26448543168227784
Standard Class,Europe,Oceania,Fitness,Home Office,5,523.88,0.194,2111.24,0.258,4,0,0,0.35599875585330926
Standard Class,Africa,West Africa,Office Supplies,Corporate,1,253.69,0.09,230.86,0.146,4,0,0,0.46146072711305025
Second Class,USCA,Eastern Europe,Office Supplies,Corporate,5,124.04,0.305,431.04,0.062,2,0,0,0.4342798575268223
Standard Class,Europe,Eastern Europe,Electronics,Consumer,2,571.78,0.014,1127.55,0.149,4,0,0,0.30480063671663915
First Class,USCA,Eastern Europe,Electronics,Consumer,2,550.28,0.262,812.21,0.043,1,1,1,0.6437737348795838
Second Class,USCA,Eastern Europe,Fitness,Corporate,4,334.65,0.201,1069.54,0.113,2,0,0,0.4836268000028369
Standard Class,USCA,Oceania,Furniture,Home Office,4,290.16,0.196,933.15,0.41,4,1,0,0.24462286711549228
Standard Class,USCA,Western Europe,Apparel,Consumer,4,422.25,0.104,1513.34,0.159,4,1,0,0.43348474650317087
Standard Class,LATAM,West Africa,Apparel,Consumer,4,406.92,0.204,1295.63,0.149,4,0,0,0.38170575389016936
Standard Class,USCA,Western Europe,Apparel,Corporate,5,291.09,0.307,1008.63,0.246,4,0,0,0.38151010948704167
Standard Class,Europe,Central America,Beauty,Corporate,2,541.53,0.051,1027.82,0.194,4,0,0,0.3202422730951262
Standard Class,Pacific Asia,Southeast Asia,Fitness,Home Office,3,510.07,0.098,1380.25,0.084,4,0,0,0.40167008358036926
Standard Class,LATAM,South America,Office Supplies,Consumer,5,362.46,0.093,1643.76,0.012,4,1,0,0.39010409101943627
First Class,USCA,Eastern Europe,Furniture,Home Office,2,83.11,0.145,142.12,0.338,1,0,1,0.525049961897453
Second Class,Pacific Asia,Central America,Furniture,Home Office,4,549.95,0.158,1852.23,0.186,2,0,1,0.605273871633476
Standard Class,Europe,West Africa,Electronics,Consumer,5,425.56,0.251,1593.72,0.051,4,0,0,0.4836506064364963
Standard Class,USCA,Central America,Furniture,Consumer,5,386.08,0.23,1486.41,0.153,4,0,0,0.48470061056505404
First Class,LATAM,Central America,Fitness,Consumer,1,43.93,0.291,31.15,0.097,1,1,1,0.5991648762757087
Standard Class,USCA,Western Europe,Beauty,Consumer,4,146.93,0.291,416.69,0.14,4,1,0,0.3798667500743113
First Class,USCA,Western Europe,Beauty,Consumer,5,241.38,0.231,928.11,0.162,1,0,1,0.6814140127831675
Standard Class,Pacific Asia,Eastern Asia,Electronics,Consumer,5,489.33,0.208,1937.75,0.218,4,1,0,0.4509126213792048
Standard Class,Europe,Eastern Europe,Apparel,Corporate,5,564.88,0.279,2036.39,0.138,4,1,0,0.414319056379217
Standard Class,Europe,Oceania,Beauty,Consumer,4,418.89,0.221,1305.26,0.1,4,0,0,0.3500551079779386
Standard Class,Europe,South America,Electronics,Consumer,2,152.8,0.196,245.7,0.205,4,1,0,0.3654986902735542
Standard Class,Pacific Asia,Western Europe,Apparel,Consumer,5,427.54,0.13,1859.8,0.297,4,1,0,0.4532510216250183
First Class,USCA,West Africa,Office Supplies,Consumer,1,305.58,0.303,212.99,0.236,1,1,1,0.6648059274069789
Standard Class,Europe,Western Europe,Apparel,Consumer,1,357.05,0.29,253.51,0.093,4,0,0,0.3110938928666717
Standard Class,USCA,Eastern Asia,Furniture,Consumer,1,493.12,0.334,328.42,0.123,4,0,0,0.39865706910795995
Standard Class,Pacific Asia,South America,Furniture,Corporate,4,499.01,0.179,1638.75,0.196,4,1,1,0.501927547935307
Standard Class,USCA,Eastern Asia,Office Supplies,Home Office,5,581.39,0.193,2345.91,0.145,4,0,0,0.2690475966497038
Second Class,Pacific Asia,Eastern Asia,Fitness,Consumer,2,79.69,0.192,128.78,0.222,2,0,1,0.5728832871272366
Second Class,LATAM,Central America,Fitness,Consumer,5,434.51,0.044,2076.96,0.172,2,1,1,0.5486395594476525
Standard Class,Europe,Western Europe,Beauty,Corporate,2,218.04,0.172,361.07,0.19,4,1,0,0.3717862093634482
First Class,Pacific Asia,South America,Furniture,Consumer,1,190.87,0.235,146.02,0.206,1,0,1,0.7195916544340921
Second Class,USCA,Central America,Furniture,Consumer,2,420.03,0.184,685.49,0.156,2,0,0,0.48526147942432546
Standard Class,USCA,West Africa,Electronics,Consumer,5,476.84,0.173,1971.73,0.221,4,1,0,0.472882787940009
First Class,USCA,West Africa,Furniture,Consumer,3,259.31,0.259,576.45,0.163,1,1,1,0.684851111522031
Standard Class,Pacific Asia,West Africa,Electronics,Consumer,4,183.14,0.147,624.87,0.336,4,0,0,0.4197196514549402
Same Day,Pacific Asia,Southeast Asia,Office Supplies,Corporate,3,402.2,0.078,1112.49,0.209,0,0,0,0.45251293890004896
Standard Class,LATAM,Eastern Europe,Fitness,Home Office,5,82.29,0.249,309.0,0.105,4,0,0,0.4968385853922447
Standard Class,USCA,South America,Electronics,Consumer,5,355.36,0.24,1350.37,0.213,4,1,0,0.41503309601449173
Standard Class,Africa,Oceania,Beauty,Home Office,2,240.63,0.261,355.65,0.229,4,1,0,0.49151787591088814
Second Class,Africa,Central America,Electronics,Consumer,5,84.45,0.208,334.42,0.295,2,1,1,0.5576550293765843
First Class,LATAM,Oceania,Apparel,Consumer,4,377.33,0.276,1092.75,0.14,1,1,1,0.6612703953375938
First Class,USCA,Central America,Apparel,Consumer,1,286.52,0.117,253.0,0.004,1,0,1,0.64491767111155
Standard Class,LATAM,Eastern Europe,Fitness,Home Office,3,150.42,0.325,304.6,0.308,4,1,0,0.3169593362729554
Second Class,Pacific Asia,Central America,Electronics,Home Office,2,298.13,0.275,432.29,0.121,2,1,1,0.6379297447041103
Standard Class,Europe,Eastern Asia,Fitness,Consumer,2,186.96,0.219,292.03,0.233,4,0,0,0.22628375069302134
Standard Class,Europe,Central America,Office Supplies,Corporate,3,231.8,0.178,571.62,0.087,4,0,0,0.3255385689708952
Standard Class,USCA,Eastern Europe,Apparel,Consumer,2,473.64,0.04,909.39,0.053,4,0,0,0.30579390566043874
Same Day,USCA,Oceania,Electronics,Consumer,1,73.7,0.202,58.81,0.19,0,1,0,0.4136092583006287
Same Day,Pacific Asia,Oceania,Beauty,Consumer,4,488.22,0.038,1878.67,0.187,0,0,0,0.3914758647978628
Standard Class,Africa,Oceania,Fitness,Corporate,3,343.93,0.017,1014.25,0.232,4,1,0,0.4858865148992583
Standard Class,USCA,Western Europe,Fitness,Corporate,2,244.13,0.031,473.12,0.106,4,0,0,0.29028844919815794
Standard Class,Pacific Asia,Central America,Furniture,Consumer,2,393.91,0.244,595.59,0.211,4,0,0,0.42555322821243136
Standard Class,Africa,Western Europe,Apparel,Consumer,3,95.02,0.031,276.22,0.358,4,0,0,0.3949068375508506
Standard Class,USCA,Western Europe,Beauty,Corporate,3,167.17,0.051,475.93,0.162,4,0,0,0.3899901685141616
Standard Class,USCA,Oceania,Fitness,Consumer,5,114.97,0.048,547.26,0.166,4,1,0,0.445562726277632
Second Class,LATAM,Oceania,Office Supplies,Consumer,1,341.63,0.103,306.44,0.293,2,0,0,0.46017524712176944
Second Class,USCA,West Africa,Beauty,Corporate,5,371.11,0.201,1482.58,-0.004,2,0,0,0.4717466506957817
Standard Class,LATAM,Southeast Asia,Beauty,Consumer,3,34.75,0.166,86.94,0.273,4,0,0,0.37955969087294866
Standard Class,LATAM,Central America,Office Supplies,Consumer,4,451.87,0.039,1736.99,0.054,4,0,0,0.4365419116805105
Second Class,LATAM,Western Europe,Fitness,Corporate,5,588.77,0.022,2879.09,0.313,2,0,1,0.5647486184361981
Standard Class,USCA,Oceania,Fitness,Corporate,1,267.03,0.274,193.86,0.168,4,1,0,0.34940180673200605
Second Class,USCA,Southeast Asia,Apparel,Corporate,4,145.8,0.184,475.89,0.118,2,1,1,0.5245992928996935
Standard Class,Pacific Asia,Central America,Furniture,Consumer,5,187.16,0.049,889.95,0.397,4,0,0,0.2833735118880903
Standard Class,LATAM,Western Europe,Beauty,Corporate,3,356.08,0.288,760.59,0.415,4,0,0,0.35195926850762504
Second Class,LATAM,Eastern Asia,Fitness,Consumer,1,203.97,0.011,201.73,0.079,2,0,0,0.49199188651271203
Standard Class,Pacific Asia,Southeast Asia,Fitness,Consumer,5,373.4,0.133,1618.69,0.301,4,0,0,0.36877225538486447
Standard Class,Africa,Eastern Europe,Electronics,Corporate,1,270.86,0.023,264.63,0.113,4,0,1,0.5271353223131761
Standard Class,Pacific Asia,West Africa,Beauty,Corporate,3,135.81,0.256,303.13,0.207,4,1,0,0.44663337839424405
Standard Class,USCA,Southeast Asia,Apparel,Consumer,1,162.59,0.073,150.72,0.092,4,0,0,0.344855580194435
First Class,Africa,Southeast Asia,Apparel,Corporate,3,314.68,0.257,701.42,0.156,1,1,1,0.7341177349535956
First Class,LATAM,Oceania,Apparel,Corporate,1,374.41,0.105,335.1,0.226,1,1,1,0.709022151529497
First Class,Africa,Western Europe,Fitness,Corporate,1,127.81,0.32,86.91,0.112,1,1,1,0.5846345442833771
Standard Class,Europe,South America,Apparel,Consumer,1,38.32,0.261,28.32,0.047,4,0,0,0.3226829881329897
Standard Class,LATAM,South America,Furniture,Corporate,5,309.02,0.349,1005.86,0.322,4,0,0,0.37631967389746024
Second Class,Africa,West Africa,Electronics,Home Office,2,446.97,0.242,677.61,0.397,2,1,1,0.5214987000363418
Standard Class,Europe,South America,Furniture,Consumer,3,424.57,0.066,1189.65,0.356,4,0,0,0.2952834354944979
Standard Class,USCA,West Africa,Apparel,Corporate,3,192.13,0.18,472.64,0.167,4,1,0,0.4094853105967046
Second Class,LATAM,West Africa,Beauty,Consumer,3,565.07,0.226,1312.09,0.165,2,0,1,0.6554867505061758
Standard Class,Africa,Central America,Electronics,Consumer,1,371.92,0.318,253.65,0.002,4,0,0,0.42516056633117405
Second Class,Pacific Asia,Western Europe,Fitness,Consumer,1,62.14,0.119,54.75,0.185,2,1,0,0.42321454309333095
Standard Class,Pacific Asia,Western Europe,Office Supplies,Home Office,1,322.09,0.191,260.57,0.164,4,1,0,0.34794685448989515
Standard Class,Europe,Oceania,Furniture,Corporate,5,92.4,0.169,383.92,0.162,4,0,0,0.4473595643396618
Standard Class,LATAM,Western Europe,Apparel,Corporate,1,423.81,0.17,351.76,0.047,4,1,0,0.2873372779353203
Standard Class,Europe,Oceania,Furniture,Consumer,1,125.39,0.331,83.89,0.32,4,0,0,0.31943349822472344
Second Class,LATAM,Central America,Electronics,Consumer,2,443.06,0.329,594.59,0.302,2,0,0,0.4706680237983893
Second Class,USCA,Oceania,Electronics,Consumer,4,557.9,0.163,1867.85,0.389,2,0,0,0.48630782695423713
Standard Class,USCA,West Africa,Fitness,Corporate,1,557.8,0.006,554.45,0.218,4,0,0,0.3839667313203966
First Class,Pacific Asia,Central America,Apparel,Corporate,2,106.46,0.01,210.79,0.134,1,1,1,0.6676928578012695
Standard Class,Europe,Eastern Asia,Electronics,Consumer,2,210.42,0.332,281.12,0.343,4,0,0,0.291455954888441
Second Class,LATAM,Eastern Asia,Office Supplies,Consumer,4,508.75,0.067,1898.66,0.227,2,0,0,0.4826821464259396
Standard Class,USCA,Southeast Asia,Electronics,Consumer,1,67.99,0.334,45.28,0.248,4,1,0,0.22641517908783265
Standard Class,USCA,Central America,Office Supplies,Consumer,1,31.47,0.342,20.71,0.097,4,0,0,0.3171109489077083
Standard Class,USCA,Central America,Furniture,Consumer,4,35.97,0.023,140.57,0.178,4,1,0,0.45023200729414214
Standard Class,Europe,Southeast Asia,Furniture,Consumer,2,41.4,0.084,75.84,0.002,4,1,0,0.3487489790483375
Standard Class,Europe,Eastern Asia,Electronics,Consumer,1,75.47,0.3,52.83,0.17,4,1,0,0.25353003879867897
Standard Class,USCA,South America,Fitness,Consumer,4,406.11,0.272,1182.59,0.224,4,0,0,0.3672871983329519
Standard Class,USCA,South America,Furniture,Corporate,5,533.22,0.24,2026.24,0.173,4,0,0,0.46111385086966317
Standard Class,Africa,Southeast Asia,Furniture,Corporate,2,397.83,0.246,599.93,0.236,4,1,0,0.4794922793076112
Standard Class,Pacific Asia,Southeast Asia,Beauty,Consumer,5,502.45,0.26,1859.06,0.178,4,0,0,0.3948122472528632
Second Class,Pacific Asia,Eastern Europe,Furniture,Home Office,1,130.25,0.068,121.39,0.051,2,0,0,0.3744839721500401
Second Class,Pacific Asia,Oceania,Electronics,Consumer,4,215.25,0.314,590.65,0.173,2,0,1,0.6418225709277035
Standard Class,LATAM,South America,Fitness,Consumer,2,332.4,0.093,602.97,0.297,4,0,0,0.29205479061924733
Standard Class,Europe,Central America,Office Supplies,Corporate,2,225.56,0.259,334.28,0.127,4,0,0,0.2930279371526432
Standard Class,LATAM,Eastern Europe,Apparel,Corporate,4,74.63,0.025,291.06,0.347,4,0,0,0.39555583299465424
Standard Class,USCA,Eastern Asia,Apparel,Corporate,1,361.57,0.155,305.53,0.298,4,0,0,0.3329524459848713
Standard Class,Pacific Asia,West Africa,Apparel,Corporate,5,435.75,0.334,1451.05,0.256,4,0,1,0.5331306450101141
First Class,Europe,Western Europe,Apparel,Home Office,4,165.52,0.068,617.06,0.196,1,1,1,0.6507820977405291
Standard Class,Pacific Asia,Oceania,Furniture,Consumer,1,85.31,0.305,59.29,0.284,4,0,0,0.3835577339488362
First Class,Pacific Asia,Eastern Asia,Electronics,Corporate,4,93.26,0.3,261.13,0.147,1,1,1,0.7020623136072394
Standard Class,Africa,South America,Electronics,Consumer,3,291.24,0.256,650.05,0.117,4,0,1,0.5210016270545679
Standard Class,USCA,Eastern Europe,Fitness,Consumer,4,192.68,0.312,530.26,0.17,4,0,0,0.45082461108650046
Standard Class,Africa,Oceania,Apparel,Consumer,2,216.94,0.111,385.72,0.004,4,1,0,0.40636699909387247
First Class,Pacific Asia,West Africa,Electronics,Consumer,4,295.08,0.315,808.52,0.15,1,1,1,0.6612609969386603
Same Day,Africa,Eastern Asia,Beauty,Home Office,4,217.57,0.081,799.79,0.283,0,0,1,0.5200949078177544
Second Class,Pacific Asia,South America,Electronics,Consumer,4,340.32,0.262,1004.62,0.201,2,0,1,0.6502605258571953
Standard Class,Africa,Eastern Europe,Apparel,Corporate,3,237.42,0.01,705.14,0.236,4,0,0,0.4788919168978793
Standard Class,LATAM,Eastern Europe,Apparel,Home Office,1,206.33,0.004,205.5,0.143,4,0,0,0.434512984586381
Standard Class,USCA,Southeast Asia,Electronics,Consumer,2,333.43,0.312,458.8,0.087,4,0,0,0.3694146685174321
Standard Class,Europe,Eastern Asia,Apparel,Consumer,4,464.21,0.031,1799.28,0.336,4,0,0,0.3959680136166294
Same Day,Pacific Asia,South America,Beauty,Corporate,2,490.12,0.214,770.47,0.284,0,0,0,0.3613729942512145
Standard Class,Africa,Oceania,Beauty,Corporate,3,329.51,0.315,677.14,0.259,4,0,0,0.4968818781884377
Standard Class,USCA,Oceania,Electronics,Corporate,1,275.32,0.072,255.5,0.273,4,0,0,0.3137864558273509
Standard Class,USCA,Eastern Europe,Beauty,Corporate,4,334.38,0.224,1037.92,0.21,4,1,0,0.32239816355991324
Standard Class,USCA,Central America,Electronics,Consumer,1,105.55,0.235,80.75,0.033,4,1,0,0.2732108344329459
Standard Class,USCA,Central America,Apparel,Corporate,1,256.18,0.132,222.36,0.127,4,1,0,0.3483094292869443
First Class,USCA,West Africa,Office Supplies,Consumer,5,192.9,0.261,712.77,0.228,1,1,1,0.7804414664584526
Standard Class,LATAM,Southeast Asia,Electronics,Corporate,1,530.68,0.284,379.97,0.145,4,1,0,0.43144343602338087
Standard Class,LATAM,Eastern Europe,Furniture,Consumer,4,494.62,0.052,1875.6,0.152,4,0,0,0.4741057935592211
Same Day,Africa,Southeast Asia,Apparel,Corporate,2,45.98,0.128,80.19,0.219,0,0,0,0.4936471095455643
Standard Class,Pacific Asia,Western Europe,Fitness,Consumer,1,272.28,0.028,264.66,0.122,4,0,0,0.3295955362016506
Second Class,USCA,South America,Beauty,Home Office,4,537.1,0.198,1723.02,0.215,2,0,1,0.5243978111937858
Standard Class,USCA,Eastern Asia,Furniture,Consumer,5,555.12,0.024,2708.99,0.224,4,0,0,0.4626159007345573
Second Class,Pacific Asia,Eastern Asia,Electronics,Corporate,3,505.99,0.313,1042.85,0.152,2,1,0,0.47711855244466295
Standard Class,LATAM,West Africa,Electronics,Home Office,4,242.19,0.123,849.6,0.262,4,1,0,0.35729825436468016
Standard Class,Europe,Southeast Asia,Electronics,Home Office,2,430.86,0.152,730.74,0.154,4,1,0,0.2773791852296514
Standard Class,Africa,Central America,Electronics,Consumer,5,122.7,0.192,495.71,0.25,4,0,1,0.5188173928853498
Standard Class,USCA,Eastern Europe,Beauty,Consumer,1,44.04,0.081,40.47,0.217,4,0,0,0.32690525224485806
Standard Class,Pacific Asia,South America,Fitness,Home Office,4,579.17,0.241,1758.36,0.317,4,0,0,0.40640868137062436
Standard Class,Pacific Asia,Eastern Europe,Office Supplies,Corporate,4,153.77,0.259,455.77,0.127,4,1,1,0.5081721100610221
Second Class,Africa,South America,Electronics,Consumer,1,52.99,0.262,39.11,0.346,2,0,0,0.47408219756889164
Second Class,USCA,West Africa,Furniture,Consumer,2,443.51,0.289,630.67,0.156,2,0,1,0.5223759188894912
Standard Class,LATAM,Oceania,Furniture,Consumer,4,343.85,0.347,898.14,0.17,4,0,0,0.4374258066850613
Standard Class,Europe,Eastern Europe,Electronics,Corporate,4,133.31,0.341,351.41,0.147,4,1,0,0.42050242048929626
Standard Class,Africa,West Africa,Apparel,Home Office,4,415.99,0.212,1311.2,0.29,4,0,1,0.5024060021579819
Standard Class,LATAM,Western Europe,Beauty,Corporate,4,285.56,0.167,951.49,0.049,4,0,0,0.32314942927664525
Same Day,LATAM,Southeast Asia,Fitness,Corporate,3,534.97,0.149,1365.78,0.174,0,0,0,0.3837135180427758
Standard Class,Europe,Central America,Fitness,Corporate,2,411.54,0.101,739.95,0.149,4,0,0,0.2825557891795272
First Class,Europe,Eastern Asia,Office Supplies,Home Office,4,154.71,0.085,566.24,0.046,1,1,1,0.6437126301624921
Standard Class,USCA,Oceania,Beauty,Consumer,2,210.96,0.238,321.5,0.218,4,0,0,0.3134557149665971
Second Class,LATAM,Eastern Europe,Electronics,Consumer,5,390.9,0.214,1536.24,0.204,2,0,1,0.6311949577573103
Second Class,USCA,Eastern Asia,Electronics,Consumer,2,389.42,0.22,607.5,0.053,2,0,0,0.3635757811221654
Standard Class,Africa,South America,Apparel,Consumer,1,272.8,0.237,208.15,0.04,4,0,0,0.49769927528478514
Second Class,Pacific Asia,Oceania,Electronics,Corporate,3,531.9,0.057,1504.75,0.154,2,0,1,0.5404874639765451
Same Day,Europe,Eastern Asia,Office Supplies,Consumer,5,264.34,0.148,1126.09,0.156,0,1,0,0.4305013813312203
Standard Class,Pacific Asia,Southeast Asia,Electronics,Home Office,3,298.77,0.286,639.97,0.059,4,0,0,0.46598662889761266
Standard Class,Pacific Asia,South America,Apparel,Consumer,3,542.88,0.007,1617.24,-0.016,4,1,0,0.3630634782276297
Standard Class,Africa,Southeast Asia,Electronics,Corporate,3,400.24,0.096,1085.45,0.285,4,0,0,0.4236062889341359
Second Class,Africa,South America,Electronics,Home Office,4,463.76,0.271,1352.32,0.253,2,0,1,0.5393056107132688
Standard Class,Europe,Western Europe,Furniture,Consumer,1,164.44,0.097,148.49,0.089,4,0,0,0.28218664014164857
Standard Class,USCA,South America,Apparel,Corporate,4,583.95,0.345,1529.95,0.22,4,0,0,0.33245987335637206
First Class,USCA,West Africa,Furniture,Consumer,5,373.26,0.297,1312.01,0.147,1,0,1,0.68532623259805
Second Class,LATAM,Central America,Office Supplies,Home Office,1,314.39,0.342,206.87,0.104,2,0,0,0.43780312545123234
First Class,Europe,Oceania,Office Supplies,Corporate,5,509.49,0.164,2129.67,0.252,1,0,1,0.5809265816757498
Standard Class,USCA,South America,Fitness,Consumer,2,90.32,0.131,156.98,0.377,4,0,0,0.2633427513863593
Standard Class,Pacific Asia,Eastern Asia,Fitness,Consumer,5,286.03,0.35,929.6,0.056,4,0,0,0.37553469297665115
First Class,Pacific Asia,Southeast Asia,Apparel,Corporate,5,298.46,0.045,1425.15,0.242,1,1,1,0.6933799146345756
First Class,Europe,Southeast Asia,Office Supplies,Consumer,4,50.78,0.011,200.89,0.048,1,1,0,0.4813094476830879
First Class,USCA,Eastern Asia,Office Supplies,Corporate,2,468.31,0.123,821.42,0.198,1,0,1,0.6403278423468654
Second Class,Europe,Southeast Asia,Beauty,Consumer,5,271.84,0.052,1288.52,0.176,2,1,0,0.3808760247545911
Second Class,Europe,Eastern Asia,Electronics,Corporate,1,59.58,0.094,53.98,0.306,2,0,0,0.4178560718225317
Same Day,Pacific Asia,Eastern Asia,Office Supplies,Consumer,2,145.79,0.339,192.73,0.074,0,0,0,0.4846547685084158
Second Class,Europe,Oceania,Beauty,Consumer,2,222.54,0.102,399.68,0.226,2,0,0,0.43661244747165356
Standard Class,Africa,West Africa,Furniture,Corporate,2,513.25,0.109,914.61,-0.058,4,1,1,0.5378840288862069
First Class,LATAM,Western Europe,Furniture,Consumer,2,401.79,0.016,790.72,0.204,1,0,1,0.6898957563757946
Standard Class,LATAM,West Africa,Furniture,Corporate,1,459.22,0.131,399.06,0.163,4,0,0,0.2893247213940723
Standard Class,LATAM,Eastern Europe,Apparel,Consumer,2,378.04,0.111,672.16,0.185,4,1,0,0.3227463927684296
First Class,Pacific Asia,South America,Beauty,Corporate,2,382.76,0.068,713.46,0.088,1,1,1,0.7530051105461313
Standard Class,LATAM,Central America,Office Supplies,Consumer,1,232.84,0.069,216.77,0.168,4,1,0,0.3756909019215457
Second Class,LATAM,Central America,Electronics,Consumer,2,128.26,0.296,180.59,0.203,2,0,0,0.4791956953594239
Second Class,Africa,South America,Furniture,Corporate,4,398.98,0.308,1104.38,0.246,2,0,1,0.5975655536455862
Standard Class,Europe,Southeast Asia,Office Supplies,Home Office,5,252.7,0.285,903.4,0.119,4,1,0,0.39202332330695966
Standard Class,Pacific Asia,Southeast Asia,Electronics,Corporate,3,284.27,0.309,589.29,0.294,4,0,0,0.3907084075384683
Standard Class,Pacific Asia,Central America,Electronics,Consumer,1,378.7,0.3,265.09,0.211,4,1,0,0.32943158122924304
Second Class,Europe,Oceania,Furniture,Corporate,1,374.14,0.039,359.55,0.143,2,0,0,0.40341288156830546
Standard Class,LATAM,South America,Apparel,Home Office,5,94.62,0.311,325.97,0.3,4,1,0,0.4087296851877992
Standard Class,Europe,Oceania,Electronics,Consumer,3,422.12,0.083,1161.25,0.115,4,0,0,0.3026446827471821
Standard Class,Africa,South America,Beauty,Corporate,2,381.46,0.081,701.12,0.273,4,1,0,0.3380653752450029
First Class,USCA,South America,Electronics,Consumer,4,230.63,0.154,780.45,0.308,1,1,1,0.6965230585869879
Standard Class,LATAM,West Africa,Office Supplies,Consumer,3,476.8,0.023,1397.5,0.077,4,1,0,0.36309408256882886
Standard Class,Europe,Oceania,Apparel,Consumer,4,409.21,0.145,1399.5,0.067,4,1,0,0.35095228095831044
Standard Class,LATAM,West Africa,Fitness,Corporate,5,128.96,0.243,488.11,0.27,4,0,0,0.3269425271281129
Standard Class,Pacific Asia,Eastern Europe,Furniture,Consumer,2,337.7,0.127,589.62,0.272,4,0,0,0.3937602030734959
Second Class,Europe,West Africa,Office Supplies,Consumer,2,557.61,0.064,1043.85,0.275,2,1,0,0.45034999928609315
Second Class,Europe,West Africa,Beauty,Consumer,3,583.96,0.022,1713.34,0.196,2,1,0,0.46255491402007043
Second Class,LATAM,Southeast Asia,Beauty,Consumer,2,540.14,0.128,942.0,0.292,2,1,1,0.5977439457045023
Standard Class,Africa,West Africa,Fitness,Consumer,4,493.59,0.239,1502.49,0.15,4,1,0,0.47660587771053
Standard Class,LATAM,Eastern Europe,Office Supplies,Corporate,5,534.74,0.153,2264.62,0.122,4,0,0,0.3966473158678143
Standard Class,LATAM,Eastern Asia,Furniture,Consumer,4,146.62,0.026,571.23,0.207,4,1,0,0.35651320625273386
First Class,USCA,Eastern Asia,Beauty,Corporate,4,463.25,0.052,1756.64,0.158,1,1,1,0.6207482107661606
Second Class,Africa,Eastern Asia,Electronics,Consumer,3,517.6,0.104,1391.31,0.085,2,0,1,0.6552062945709989
Standard Class,Africa,Western Europe,Beauty,Consumer,4,288.4,0.234,883.66,0.027,4,0,1,0.5538292561735234
Standard Class,Africa,Eastern Asia,Electronics,Corporate,3,185.65,0.264,409.92,0.117,4,0,1,0.5023726586859308
Standard Class,Europe,Oceania,Electronics,Corporate,3,480.06,0.28,1036.93,0.055,4,0,0,0.30875540029316134
First Class,LATAM,Central America,Electronics,Corporate,2,473.17,0.26,700.29,0.327,1,0,1,0.6886859935093365
Standard Class,Europe,South America,Office Supplies,Corporate,5,218.23,0.227,843.46,0.148,4,1,0,0.4122262969187116
Second Class,Europe,Eastern Europe,Electronics,Corporate,2,41.13,0.34,54.29,0.243,2,0,0,0.36309385351985896
Standard Class,LATAM,Oceania,Furniture,Consumer,4,179.61,0.179,589.84,0.165,4,0,0,0.31913420955725424
Standard Class,LATAM,Eastern Asia,Electronics,Home Office,2,103.42,0.245,156.16,0.173,4,0,0,0.31280052762058247
Second Class,Europe,West Africa,Beauty,Home Office,3,382.34,0.141,985.29,0.243,2,1,1,0.5252204097196954
Standard Class,Africa,West Africa,Electronics,Consumer,4,487.55,0.144,1669.37,0.391,4,0,0,0.47163792205462873
Second Class,LATAM,Eastern Asia,Apparel,Consumer,2,348.46,0.167,580.53,0.046,2,0,0,0.406310458482105
Standard Class,LATAM,Southeast Asia,Electronics,Consumer,3,450.63,0.25,1013.92,0.308,4,0,0,0.3547263722167522
Standard Class,Europe,Central America,Fitness,Corporate,1,536.39,0.198,430.18,0.295,4,0,0,0.2584939861772498
First Class,USCA,Oceania,Beauty,Corporate,3,431.94,0.269,947.24,0.135,1,1,1,0.719089667050168
Standard Class,LATAM,Oceania,Fitness,Corporate,1,81.94,0.169,68.09,0.088,4,1,0,0.28484705845216846
First Class,USCA,Eastern Europe,Furniture,Consumer,2,472.86,0.304,658.22,0.291,1,1,1,0.6322038966023195
Standard Class,USCA,Central America,Fitness,Consumer,3,516.3,0.3,1084.23,0.196,4,0,0,0.3791959989084466
Standard Class,Europe,South America,Furniture,Consumer,1,318.68,0.066,297.65,0.228,4,0,0,0.28171981451950184
Standard Class,LATAM,Eastern Europe,Fitness,Consumer,4,366.75,0.036,1414.19,0.01,4,1,0,0.4389863847839314
First Class,USCA,Oceania,Office Supplies,Consumer,5,415.81,0.015,2047.86,0.138,1,1,1,0.6744294796203393
Standard Class,Europe,Central America,Office Supplies,Corporate,3,47.24,0.165,118.34,0.075,4,0,0,0.308107356645894
First Class,Europe,West Africa,Furniture,Consumer,4,113.07,0.003,450.92,0.192,1,1,1,0.6708179918046211
Standard Class,Pacific Asia,Western Europe,Fitness,Corporate,1,348.72,0.195,280.72,0.33,4,0,0,0.348691246944509
Standard Class,LATAM,Southeast Asia,Fitness,Consumer,4,464.16,0.246,1399.91,0.279,4,0,0,0.3976141189525236
Second Class,USCA,Eastern Asia,Fitness,Consumer,5,550.41,0.163,2303.47,-0.032,2,0,0,0.3178297292368521
First Class,Europe,South America,Electronics,Corporate,4,374.02,0.106,1337.5,0.244,1,1,1,0.647859319697991
Standard Class,USCA,Eastern Europe,Apparel,Consumer,1,416.31,0.227,321.81,0.095,4,0,0,0.3615531101277961
Standard Class,Pacific Asia,Eastern Asia,Beauty,Consumer,1,451.93,0.214,355.22,0.317,4,1,0,0.3309454214842787
Standard Class,USCA,Central America,Office Supplies,Corporate,3,318.63,0.245,721.7,0.226,4,1,0,0.3704480244069274
First Class,USCA,Eastern Europe,Electronics,Corporate,1,553.06,0.101,497.2,0.124,1,0,1,0.7010260504471817
Second Class,Europe,Eastern Europe,Fitness,Consumer,1,99.57,0.345,65.22,0.059,2,1,0,0.35183085007503806
Standard Class,Europe,Eastern Asia,Apparel,Consumer,2,335.29,0.01,663.87,0.069,4,1,0,0.2803339666141633
Standard Class,Pacific Asia,Central America,Electronics,Consumer,5,497.19,0.137,2145.37,0.111,4,1,0,0.40414397584894557
Second Class,USCA,Southeast Asia,Beauty,Consumer,4,261.51,0.214,822.19,0.198,2,0,1,0.6205333477939358
Standard Class,Europe,Central America,Apparel,Corporate,3,121.12,0.277,262.71,0.153,4,0,0,0.313078394455159
Standard Class,Europe,Eastern Asia,Fitness,Consumer,2,547.25,0.183,894.21,0.11,4,0,0,0.25297053957265003
Second Class,USCA,Central America,Beauty,Consumer,3,23.98,0.004,71.65,0.099,2,1,0,0.47165418003918563
Standard Class,USCA,West Africa,Fitness,Home Office,5,428.49,0.086,1958.2,0.267,4,0,0,0.33615158661063615
Standard Class,Pacific Asia,Eastern Europe,Furniture,Corporate,1,186.28,0.046,177.71,0.014,4,1,0,0.43045416900029404
Standard Class,USCA,Central America,Apparel,Consumer,5,88.17,0.065,412.19,0.094,4,1,0,0.42848192610005836
Standard Class,Europe,Western Europe,Furniture,Corporate,5,503.87,0.245,1902.11,0.192,4,0,0,0.434035170732654
Standard Class,Pacific Asia,South America,Office Supplies,Home Office,4,577.91,0.349,1504.88,0.166,4,0,0,0.3572316337065205
First Class,USCA,Central America,Fitness,Consumer,1,437.95,0.262,323.21,0.173,1,1,1,0.7475860490076589
Standard Class,LATAM,West Africa,Apparel,Consumer,3,462.33,0.212,1092.95,0.382,4,0,0,0.311057528514166
First Class,USCA,West Africa,Furniture,Consumer,4,42.28,0.156,142.74,0.175,1,1,1,0.6909532771141229
Standard Class,USCA,Eastern Europe,Beauty,Corporate,3,435.8,0.082,1200.19,0.07,4,0,0,0.352016333874992
Standard Class,USCA,Oceania,Office Supplies,Consumer,4,69.05,0.347,180.36,0.129,4,1,0,0.4024484036992459
Second Class,USCA,Eastern Europe,Office Supplies,Consumer,4,372.6,0.236,1138.67,0.188,2,0,1,0.5352094296144527
Standard Class,USCA,West Africa,Office Supplies,Consumer,1,21.12,0.101,18.99,0.275,4,1,0,0.3533704885913998
Standard Class,USCA,Central America,Office Supplies,Home Office,5,310.99,0.064,1455.43,0.31,4,0,0,0.3009773801827507
Standard Class,Pacific Asia,West Africa,Apparel,Consumer,1,392.92,0.035,379.17,0.248,4,1,0,0.3835391766235997
Standard Class,Pacific Asia,Central America,Fitness,Consumer,3,481.91,0.328,971.53,0.203,4,0,0,0.40659213718791487
Standard Class,USCA,Central America,Fitness,Corporate,2,151.59,0.329,203.43,0.236,4,0,0,0.3155494038147749
Standard Class,Pacific Asia,Oceania,Furniture,Consumer,4,111.49,0.118,393.34,0.131,4,0,0,0.4041167308393173
Second Class,Pacific Asia,Oceania,Beauty,Corporate,4,82.85,0.082,304.23,0.216,2,0,1,0.5283782653257368
Same Day,Europe,Eastern Europe,Furniture,Consumer,3,218.98,0.06,617.52,0.037,0,1,0,0.360267831547464
Standard Class,Pacific Asia,Southeast Asia,Office Supplies,Corporate,1,423.57,0.01,419.33,0.225,4,1,0,0.3987725953081141
First Class,USCA,Oceania,Office Supplies,Corporate,3,519.0,0.209,1231.59,0.42,1,1,1,0.5138314492296278
Same Day,Europe,Central America,Office Supplies,Consumer,1,594.83,0.206,472.3,0.167,0,0,0,0.33048629567840965
Standard Class,Europe,Central America,Apparel,Consumer,4,591.56,0.007,2349.68,0.275,4,0,0,0.21411690439449643
Standard Class,Europe,Central America,Electronics,Home Office,4,70.99,0.288,202.18,0.16,4,0,0,0.343215851406736
Standard Class,LATAM,Eastern Asia,Apparel,Home Office,3,347.12,0.172,862.25,0.057,4,0,0,0.29810337650771424
Second Class,Pacific Asia,Eastern Europe,Fitness,Consumer,4,373.3,0.069,1390.17,0.199,2,1,1,0.5863671416876384
Standard Class,Europe,Western Europe,Office Supplies,Home Office,3,587.95,0.023,1723.28,0.158,4,0,0,0.23007411127364263
Same Day,USCA,Southeast Asia,Apparel,Corporate,4,185.08,0.028,719.59,0.247,0,1,0,0.4809885554191903
Standard Class,USCA,Eastern Asia,Electronics,Consumer,2,419.16,0.19,679.04,0.266,4,0,0,0.31689388334892277
Standard Class,Pacific Asia,Eastern Europe,Apparel,Consumer,1,296.64,0.147,253.03,0.192,4,1,0,0.361328669868596
Standard Class,Pacific Asia,Eastern Europe,Apparel,Consumer,1,295.89,0.216,231.98,0.176,4,0,0,0.3817026959544911
Standard Class,Pacific Asia,South America,Fitness,Consumer,3,402.48,0.209,955.09,0.06,4,0,0,0.364999498167333
First Class,Africa,Southeast Asia,Electronics,Consumer,2,185.2,0.08,340.77,-0.073,1,1,1,0.5940329039459843
Standard Class,USCA,Central America,Office Supplies,Corporate,4,288.42,0.26,853.72,0.183,4,1,0,0.4357491640057741
Standard Class,Pacific Asia,West Africa,Beauty,Corporate,2,508.89,0.286,726.69,0.253,4,0,0,0.4180638347243489
Standard Class,Europe,Southeast Asia,Apparel,Consumer,1,591.14,0.08,543.85,0.213,4,0,0,0.2373075716117661
First Class,Pacific Asia,Southeast Asia,Apparel,Home Office,1,191.96,0.179,157.6,0.235,1,1,1,0.6842574228872488
First Class,Pacific Asia,Southeast Asia,Fitness,Home Office,4,121.49,0.012,480.13,0.149,1,0,1,0.5490540791307711
Standard Class,Europe,Eastern Asia,Electronics,Home Office,3,413.3,0.072,1150.63,0.176,4,0,0,0.28510987445614
First Class,USCA,West Africa,Fitness,Consumer,5,103.64,0.096,468.45,0.166,1,1,1,0.7688769182986991
Standard Class,Africa,Oceania,Fitness,Consumer,4,270.49,0.331,723.83,0.262,4,0,1,0.5455292694568841
Standard Class,USCA,West Africa,Apparel,Consumer,3,404.56,0.329,814.38,0.233,4,1,0,0.4151578092613011
Standard Class,Pacific Asia,West Africa,Beauty,Consumer,2,541.7,0.041,1038.98,0.064,4,1,0,0.43623696769491566
Standard Class,Pacific Asia,Southeast Asia,Apparel,Consumer,2,393.24,0.346,514.36,0.039,4,0,0,0.3827277743081455
Standard Class,USCA,Southeast Asia,Fitness,Corporate,2,41.37,0.249,62.14,0.08,4,1,0,0.28982659525605386
Standard Class,USCA,Oceania,Beauty,Corporate,4,511.62,0.184,1669.93,0.199,4,0,0,0.38824183014300445
Second Class,Africa,West Africa,Furniture,Consumer,3,575.55,0.168,1436.57,0.084,2,0,1,0.5914224590497822
Standard Class,Europe,West Africa,Office Supplies,Consumer,3,322.37,0.009,958.41,0.18,4,0,0,0.43688438169602767
Standard Class,LATAM,Eastern Europe,Beauty,Consumer,1,464.13,0.082,426.07,0.055,4,1,0,0.3096827010994659
First Class,USCA,South America,Fitness,Corporate,3,432.34,0.049,1233.47,0.168,1,1,1,0.5313617167139258
First Class,LATAM,West Africa,Fitness,Consumer,1,274.5,0.065,256.66,0.19,1,0,1,0.6632328100922115
Standard Class,USCA,Central America,Fitness,Home Office,4,84.42,0.309,233.34,0.172,4,0,0,0.4052863887181156
First Class,LATAM,Eastern Europe,Furniture,Home Office,2,301.95,0.005,600.88,0.064,1,1,1,0.659748432671597
Second Class,Europe,Eastern Europe,Apparel,Corporate,1,440.81,0.196,354.41,0.008,2,0,0,0.34900554826768854
Standard Class,USCA,South America,Apparel,Corporate,2,65.07,0.006,129.36,0.162,4,0,0,0.41998537821423854
Standard Class,Europe,Southeast Asia,Furniture,Consumer,5,381.52,0.01,1888.52,0.258,4,1,0,0.3072191288132149
Standard Class,USCA,Western Europe,Fitness,Home Office,2,40.11,0.135,69.39,0.121,4,0,0,0.26023234445832644
Standard Class,USCA,Central America,Electronics,Consumer,3,52.14,0.252,117.0,0.108,4,0,0,0.3446022772886423
First Class,Africa,South America,Beauty,Consumer,1,543.56,0.233,416.91,0.068,1,1,1,0.7256349635254651
Standard Class,USCA,Eastern Asia,Apparel,Home Office,5,231.36,0.281,831.74,0.241,4,1,0,0.39773635788120465
Second Class,Europe,South America,Electronics,Consumer,4,327.15,0.273,951.35,0.308,2,0,1,0.5021442433431387
Standard Class,Africa,West Africa,Furniture,Home Office,4,242.4,0.123,850.34,0.103,4,0,1,0.5704175361128578
Standard Class,LATAM,West Africa,Fitness,Consumer,2,514.65,0.24,782.27,0.305,4,0,0,0.28299193157902225
Standard Class,USCA,Eastern Asia,Office Supplies,Home Office,5,331.27,0.207,1313.49,0.238,4,0,0,0.3218902331978303
First Class,Pacific Asia,Eastern Europe,Office Supplies,Home Office,5,48.88,0.074,226.31,-0.013,1,0,1,0.5734921080911748
Standard Class,LATAM,Western Europe,Office Supplies,Consumer,3,77.41,0.133,201.34,0.08,4,0,0,0.29474170697877267
Standard Class,Africa,Oceania,Apparel,Corporate,2,33.99,0.002,67.84,0.401,4,0,0,0.3062187096111753
Standard Class,Africa,Southeast Asia,Apparel,Consumer,5,139.86,0.321,474.82,0.18,4,0,0,0.45539451902652567
Second Class,LATAM,West Africa,Fitness,Consumer,2,414.87,0.165,692.83,0.129,2,1,1,0.623516841061613
Standard Class,LATAM,Western Europe,Fitness,Home Office,2,142.47,0.258,211.43,0.243,4,0,0,0.26249884863127876
Standard Class,Pacific Asia,Southeast Asia,Furniture,Consumer,5,581.38,0.149,2473.77,0.303,4,0,0,0.29720988688613037
Second Class,Pacific Asia,West Africa,Fitness,Consumer,5,270.67,0.003,1349.29,0.266,2,0,1,0.5766149840470379
Standard Class,Pacific Asia,Southeast Asia,Beauty,Corporate,1,424.79,0.218,332.19,0.201,4,0,0,0.35111025691662534
Second Class,USCA,Central America,Fitness,Consumer,1,397.98,0.28,286.55,0.117,2,1,0,0.4813304716363831
Standard Class,USCA,Eastern Europe,Office Supplies,Corporate,1,514.57,0.347,336.01,0.218,4,0,0,0.3177935214888605
Standard Class,LATAM,Oceania,Furniture,Home Office,2,470.6,0.125,823.55,0.147,4,0,0,0.31525227738855627
Same Day,USCA,Eastern Asia,Electronics,Consumer,1,168.91,0.122,148.3,0.174,0,0,0,0.4562071668146662
Standard Class,Africa,Oceania,Office Supplies,Consumer,2,556.04,0.221,866.31,0.208,4,1,0,0.43646535227799343
Same Day,Europe,Western Europe,Apparel,Consumer,4,85.32,0.064,319.44,0.292,0,0,0,0.44246841715022833
First Class,Pacific Asia,Oceania,Office Supplies,Corporate,1,199.6,0.064,186.83,0.153,1,1,1,0.639218662372639
Same Day,Europe,West Africa,Beauty,Consumer,5,159.15,0.18,652.52,0.156,0,0,1,0.6449479099824887
Standard Class,USCA,Central America,Fitness,Consumer,5,420.33,0.297,1477.46,0.162,4,1,0,0.4424412547632454
Standard Class,Pacific Asia,South America,Fitness,Consumer,4,502.43,0.147,1714.29,0.242,4,1,0,0.43756101920011664
Standard Class,Europe,South America,Electronics,Consumer,2,360.93,0.098,651.12,0.293,4,0,0,0.3079731523247604
Second Class,USCA,Eastern Asia,Beauty,Corporate,2,278.9,0.014,549.99,0.204,2,0,1,0.5452684381507821
First Class,Pacific Asia,Southeast Asia,Beauty,Consumer,5,305.66,0.113,1355.6,0.118,1,1,1,0.7401911643789688
Standard Class,Africa,Central America,Beauty,Consumer,5,46.37,0.026,225.82,0.208,4,0,0,0.4558868968606285
Standard Class,Pacific Asia,Western Europe,Electronics,Consumer,3,142.62,0.32,290.94,0.243,4,1,0,0.4528511054736939
Standard Class,Pacific Asia,Eastern Europe,Electronics,Corporate,5,252.61,0.109,1125.38,0.329,4,0,0,0.39758353649354905
Second Class,LATAM,Southeast Asia,Furniture,Corporate,5,567.94,0.188,2305.84,0.261,2,1,1,0.5171848452843071
Second Class,LATAM,Western Europe,Electronics,Corporate,1,284.69,0.299,199.57,0.203,2,0,0,0.4334634826854775
Second Class,Europe,Oceania,Electronics,Home Office,1,242.67,0.081,223.01,0.348,2,0,0,0.43219867367446113
Standard Class,LATAM,Central America,Beauty,Consumer,4,294.64,0.227,911.03,0.089,4,0,0,0.3850739236443831
Standard Class,LATAM,Oceania,Electronics,Consumer,5,462.68,0.115,2047.36,-0.014,4,0,0,0.38173517286479075
Standard Class,Europe,Oceania,Fitness,Corporate,5,253.75,0.055,1198.97,0.171,4,1,0,0.336305092149045
Standard Class,USCA,Southeast Asia,Office Supplies,Consumer,1,477.56,0.289,339.55,0.373,4,1,0,0.38631926988752396
Same Day,Pacific Asia,Central America,Fitness,Consumer,2,562.93,0.249,845.52,0.129,0,1,0,0.4006911617116649
Second Class,Pacific Asia,Western Europe,Apparel,Corporate,2,298.39,0.007,592.6,0.282,2,0,0,0.49667364759162946
Standard Class,Africa,Oceania,Beauty,Consumer,5,337.31,0.318,1150.23,-0.013,4,1,1,0.5589204253038007
Standard Class,USCA,Western Europe,Beauty,Consumer,1,406.17,0.27,296.5,0.103,4,1,0,0.2987940722844204
Standard Class,Europe,Southeast Asia,Apparel,Home Office,2,400.17,0.089,729.11,0.24,4,0,0,0.3178609523639109
Standard Class,USCA,West Africa,Electronics,Home Office,4,218.51,0.188,709.72,0.099,4,0,0,0.45223303113198043
Standard Class,USCA,West Africa,Fitness,Corporate,5,155.59,0.171,644.92,0.432,4,0,0,0.26814271342900603
Standard Class,Europe,Southeast Asia,Electronics,Consumer,1,365.67,0.048,348.12,0.178,4,0,0,0.3368114488634097
Second Class,Pacific Asia,Eastern Europe,Apparel,Consumer,2,323.57,0.312,445.23,0.106,2,0,1,0.5779585011002296
Standard Class,Europe,South America,Office Supplies,Consumer,5,107.96,0.304,375.7,0.004,4,1,0,0.444898383682655
Standard Class,LATAM,Eastern Europe,Fitness,Consumer,3,399.94,0.122,1053.44,0.051,4,0,0,0.327356171165459
Standard Class,Pacific Asia,Central America,Electronics,Consumer,5,58.86,0.232,226.02,0.278,4,1,0,0.43786947434744666
Standard Class,Africa,West Africa,Furniture,Consumer,4,431.26,0.316,1179.93,0.164,4,1,1,0.5798414258770445
Standard Class,LATAM,Central America,Office Supplies,Consumer,3,21.82,0.089,59.63,0.032,4,0,0,0.3672596040050617
Second Class,Europe,Southeast Asia,Fitness,Home Office,3,336.11,0.176,830.86,0.193,2,0,1,0.5028022591682895
Second Class,Europe,Oceania,Apparel,Consumer,1,141.54,0.295,99.79,0.081,2,0,1,0.5268909355166614
Standard Class,Pacific Asia,South America,Beauty,Consumer,1,170.58,0.237,130.15,0.263,4,0,0,0.44382530814361626
Same Day,LATAM,Eastern Asia,Apparel,Consumer,2,38.98,0.174,64.39,0.179,0,0,0,0.4435127574013408
Second Class,Pacific Asia,Western Europe,Office Supplies,Consumer,3,188.62,0.34,373.47,0.241,2,1,1,0.5172392622824473
Standard Class,USCA,Central America,Fitness,Home Office,1,363.84,0.288,259.05,0.122,4,0,0,0.3599063957661993
First Class,Africa,Eastern Asia,Electronics,Corporate,3,411.64,0.326,832.34,0.276,1,1,1,0.719209151336682
Standard Class,USCA,Eastern Asia,Furniture,Consumer,1,461.8,0.012,456.26,0.25,4,0,0,0.3544748403116565
First Class,Africa,Eastern Europe,Office Supplies,Corporate,3,389.28,0.218,913.25,0.053,1,1,1,0.7560524236221379
Standard Class,Europe,Eastern Asia,Beauty,Consumer,4,549.71,0.071,2042.72,0.15,4,1,0,0.348903929924957
Standard Class,USCA,Central America,Office Supplies,Corporate,3,400.9,0.316,822.65,0.16,4,0,0,0.3729482525539132
Standard Class,USCA,Western Europe,Furniture,Home Office,5,41.25,0.102,185.21,-0.043,4,1,0,0.3707900473416241
Standard Class,Pacific Asia,Western Europe,Office Supplies,Home Office,4,71.02,0.003,283.23,0.14,4,0,0,0.4521612022868196
First Class,LATAM,Eastern Asia,Fitness,Corporate,5,314.75,0.168,1309.36,0.122,1,1,1,0.7364150179620892
First Class,Africa,Eastern Europe,Office Supplies,Corporate,1,311.11,0.256,231.47,0.18,1,0,1,0.7186258929388069
Second Class,Europe,West Africa,Apparel,Home Office,2,368.4,0.341,485.55,0.283,2,0,1,0.557206726391321
Same Day,USCA,Central America,Electronics,Consumer,3,26.03,0.266,57.32,0.135,0,1,0,0.41206484706391594
Second Class,Africa,Southeast Asia,Electronics,Consumer,5,430.57,0.326,1451.02,0.174,2,1,1,0.549134069611161
First Class,Pacific Asia,South America,Office Supplies,Consumer,3,85.68,0.16,215.91,0.319,1,0,1,0.6888148301567842
First Class,LATAM,Eastern Europe,Apparel,Consumer,4,522.7,0.177,1720.73,0.185,1,0,1,0.7143475694674938
Standard Class,Africa,South America,Furniture,Corporate,1,26.25,0.196,21.1,0.12,4,0,0,0.4262067269392591
Standard Class,Pacific Asia,Eastern Asia,Apparel,Consumer,3,88.32,0.157,223.36,0.315,4,1,0,0.29356251314986737
Standard Class,USCA,South America,Beauty,Home Office,5,108.45,0.057,511.34,0.305,4,0,0,0.36316257213652586
Second Class,Pacific Asia,Oceania,Furniture,Consumer,4,485.12,0.098,1750.31,0.27,2,0,1,0.5081582107855002
Second Class,Africa,Southeast Asia,Fitness,Consumer,4,525.74,0.134,1821.16,0.163,2,0,1,0.5863009645964118
Standard Class,Pacific Asia,South America,Office Supplies,Corporate,2,547.18,0.045,1045.11,0.226,4,0,0,0.3769948727547477
Second Class,Pacific Asia,Oceania,Beauty,Consumer,4,302.34,0.234,926.37,0.131,2,0,1,0.6097770250219211
First Class,Africa,West Africa,Furniture,Home Office,3,223.23,0.24,508.96,0.199,1,0,1,0.8212520979200729
Standard Class,Pacific Asia,West Africa,Office Supplies,Corporate,5,317.34,0.046,1513.71,0.275,4,1,0,0.4098767672318773
Second Class,USCA,Southeast Asia,Office Supplies,Corporate,1,277.57,0.142,238.16,0.297,2,0,0,0.4588974042540777
Second Class,Africa,Eastern Europe,Apparel,Home Office,3,63.65,0.266,140.16,0.201,2,0,1,0.6315737504990215
Second Class,LATAM,Eastern Asia,Apparel,Corporate,1,250.2,0.122,219.68,0.231,2,0,0,0.45287660551565534
Standard Class,Europe,Eastern Europe,Electronics,Consumer,4,412.77,0.15,1403.42,0.292,4,0,0,0.35744168858905445
Standard Class,Pacific Asia,Oceania,Furniture,Corporate,5,291.49,0.089,1327.74,0.234,4,1,0,0.37010314846982234
Second Class,LATAM,Eastern Europe,Furniture,Corporate,2,328.11,0.031,635.88,0.297,2,0,0,0.43929746218359583
Standard Class,Europe,Central America,Fitness,Corporate,4,329.55,0.049,1253.61,0.031,4,0,0,0.3170081651437213
Standard Class,USCA,Western Europe,Fitness,Corporate,1,445.56,0.128,388.53,0.289,4,0,0,0.2716944371483835
First Class,USCA,Eastern Europe,Apparel,Corporate,4,36.22,0.292,102.58,0.19,1,0,1,0.6221734655753558
Standard Class,Europe,West Africa,Beauty,Home Office,1,255.34,0.068,237.98,0.196,4,1,0,0.3950608426749142
Same Day,USCA,Western Europe,Electronics,Consumer,3,82.86,0.055,234.91,0.328,0,0,0,0.39612543155717966
First Class,LATAM,Oceania,Office Supplies,Consumer,2,232.79,0.297,327.3,0.243,1,1,1,0.7396785723905385
Second Class,Europe,South America,Apparel,Consumer,2,541.28,0.212,853.06,0.342,2,0,1,0.5109497221974505
Same Day,Africa,Oceania,Beauty,Corporate,1,506.02,0.181,414.43,0.337,0,0,1,0.5383844764226668
First Class,Africa,South America,Fitness,Home Office,4,26.12,0.343,68.64,0.243,1,0,1,0.641407058201313
First Class,USCA,Eastern Europe,Furniture,Corporate,5,486.8,0.341,1604.01,0.154,1,0,1,0.6407917975948108
Standard Class,USCA,South America,Apparel,Corporate,3,136.25,0.289,290.62,0.011,4,0,0,0.3846781774299266
Standard Class,Pacific Asia,Eastern Europe,Apparel,Corporate,1,44.3,0.32,30.12,-0.034,4,0,0,0.44340050302228856
Standard Class,USCA,Oceania,Office Supplies,Consumer,1,430.47,0.337,285.4,0.196,4,0,0,0.33179629789652415
Standard Class,Pacific Asia,South America,Fitness,Home Office,3,109.11,0.266,240.26,0.281,4,0,0,0.395914347980691
Standard Class,USCA,Eastern Europe,Fitness,Corporate,2,522.25,0.29,741.59,0.161,4,0,0,0.3959746678618443
Standard Class,Pacific Asia,South America,Furniture,Home Office,5,351.47,0.014,1732.75,0.179,4,0,0,0.38746437181902077
Second Class,LATAM,Central America,Fitness,Home Office,4,527.43,0.159,1774.27,0.057,2,0,1,0.5582145403425094
Second Class,LATAM,Eastern Asia,Electronics,Home Office,1,358.2,0.03,347.45,0.276,2,0,0,0.47094859364158
Standard Class,Europe,South America,Furniture,Consumer,4,461.84,0.32,1256.2,0.247,4,0,0,0.38116905527143563
Standard Class,Pacific Asia,South America,Apparel,Corporate,5,416.42,0.32,1415.83,0.45,4,1,0,0.32086854037039225
Standard Class,USCA,Southeast Asia,Electronics,Consumer,5,347.47,0.049,1652.22,-0.089,4,0,0,0.46147103741146883
Standard Class,LATAM,South America,Office Supplies,Corporate,1,508.43,0.275,368.61,0.304,4,0,0,0.3337842874184
Standard Class,LATAM,Eastern Europe,Electronics,Consumer,3,176.99,0.242,402.48,0.24,4,0,0,0.3482502951892343
Standard Class,LATAM,Western Europe,Electronics,Corporate,1,104.74,0.263,77.19,0.105,4,0,0,0.2994556827404966
Standard Class,USCA,South America,Furniture,Home Office,3,577.15,0.04,1662.19,0.059,4,0,0,0.2866518015779225
Standard Class,LATAM,Eastern Europe,Beauty,Corporate,4,542.0,0.186,1764.75,0.01,4,0,0,0.4334190231612835
Second Class,LATAM,Oceania,Beauty,Corporate,3,182.02,0.103,489.82,0.215,2,0,1,0.5349534616110504
Standard Class,Pacific Asia,West Africa,Office Supplies,Corporate,2,389.95,0.106,697.23,0.252,4,0,0,0.43956174745894694
Standard Class,LATAM,Central America,Furniture,Corporate,5,292.47,0.349,951.99,0.068,4,0,0,0.33811067003703793
First Class,Africa,Eastern Europe,Apparel,Corporate,5,294.36,0.092,1336.39,0.155,1,1,1,0.707974641540332
Standard Class,Pacific Asia,Eastern Europe,Beauty,Home Office,2,554.56,0.179,910.59,0.116,4,0,0,0.4664932671302778
First Class,USCA,Western Europe,Furniture,Home Office,2,32.6,0.287,46.49,0.205,1,1,1,0.5702986101146371
Second Class,USCA,West Africa,Furniture,Consumer,4,230.21,0.025,897.82,0.196,2,1,1,0.5611777006593262
Same Day,USCA,Southeast Asia,Beauty,Home Office,1,460.2,0.239,350.21,0.287,0,1,0,0.38014930568690264
Standard Class,Europe,Oceania,Electronics,Consumer,3,593.66,0.263,1312.58,0.296,4,1,0,0.2279073739866691
Standard Class,Pacific Asia,Southeast Asia,Fitness,Home Office,3,241.37,0.09,658.94,0.123,4,0,0,0.39729112298559804
Standard Class,USCA,South America,Fitness,Corporate,5,142.42,0.027,692.87,0.105,4,0,0,0.3880908566438468
Second Class,USCA,Southeast Asia,Furniture,Consumer,4,222.06,0.134,769.22,0.375,2,0,1,0.5836568157032446
Standard Class,USCA,Eastern Europe,Fitness,Corporate,1,338.87,0.139,291.77,0.16,4,0,0,0.3229798584029672
Standard Class,USCA,Western Europe,Furniture,Home Office,5,318.83,0.23,1227.5,0.142,4,0,0,0.4360876029152876
Standard Class,Pacific Asia,Southeast Asia,Electronics,Home Office,5,593.66,0.086,2713.03,0.134,4,0,0,0.21310999784712512
First Class,Africa,Eastern Asia,Beauty,Consumer,2,575.91,0.052,1091.93,0.122,1,0,1,0.7124057982823636
Standard Class,USCA,Southeast Asia,Fitness,Consumer,3,383.9,0.02,1128.67,0.143,4,0,0,0.3593700350996198
Standard Class,Pacific Asia,Oceania,Fitness,Consumer,2,207.47,0.234,317.84,0.267,4,0,0,0.3654804376578734
First Class,Europe,Western Europe,Electronics,Corporate,2,195.24,0.079,359.63,0.292,1,0,1,0.6292692510491688
Standard Class,Pacific Asia,Eastern Europe,Electronics,Consumer,2,431.18,0.123,756.29,0.037,4,0,0,0.37660818257663015
Standard Class,Pacific Asia,Southeast Asia,Electronics,Consumer,1,440.88,0.038,424.13,0.221,4,0,0,0.3466513982073578
Standard Class,Europe,Southeast Asia,Electronics,Corporate,5,571.68,0.099,2575.42,0.116,4,0,0,0.3111649285088603
Standard Class,LATAM,Eastern Europe,Furniture,Consumer,1,60.99,0.168,50.74,0.112,4,0,0,0.3824834205005601
Standard Class,LATAM,Eastern Europe,Furniture,Corporate,1,222.93,0.032,215.8,0.093,4,0,0,0.47444040657465647
Second Class,Europe,Western Europe,Beauty,Corporate,2,414.37,0.345,542.82,0.198,2,0,0,0.4661765446686457
Standard Class,Pacific Asia,Central America,Apparel,Home Office,1,308.01,0.242,233.47,0.178,4,0,0,0.41736494238936606
Standard Class,Africa,Oceania,Office Supplies,Home Office,1,201.56,0.013,198.94,0.404,4,1,0,0.322373307474535
Standard Class,Africa,Eastern Europe,Electronics,Consumer,2,362.74,0.325,489.7,0.208,4,1,1,0.525427150023456
First Class,USCA,Western Europe,Beauty,Corporate,5,297.32,0.027,1446.46,0.253,1,1,1,0.6280523331145486
Second Class,Europe,Oceania,Furniture,Consumer,4,32.12,0.338,85.05,0.264,2,0,1,0.5219255561255995
First Class,USCA,Southeast Asia,Beauty,Corporate,4,464.64,0.297,1306.57,0.091,1,1,1,0.7747083524433515
Standard Class,USCA,South America,Office Supplies,Corporate,3,421.95,0.151,1074.71,-0.066,4,1,0,0.3491773487796739
Standard Class,USCA,Southeast Asia,Apparel,Corporate,1,230.7,0.107,206.02,0.25,4,0,0,0.382851264596392
Standard Class,Pacific Asia,Southeast Asia,Furniture,Consumer,4,482.18,0.088,1758.99,0.178,4,0,0,0.4780136190351438
Standard Class,Africa,Western Europe,Furniture,Consumer,1,308.75,0.067,288.06,0.165,4,1,0,0.36838976487376646
Standard Class,Africa,West Africa,Fitness,Consumer,4,368.64,0.325,995.33,0.191,4,0,1,0.5245288267743733
First Class,Pacific Asia,West Africa,Fitness,Consumer,2,375.59,0.076,694.09,0.152,1,1,1,0.6588365371075068
Standard Class,Pacific Asia,Eastern Asia,Office Supplies,Consumer,3,328.82,0.158,830.6,0.082,4,1,0,0.33444000904858634
Standard Class,LATAM,Western Europe,Electronics,Home Office,3,273.03,0.042,784.69,0.184,4,0,0,0.24517990495964562
Standard Class,Pacific Asia,Western Europe,Beauty,Corporate,5,42.62,0.289,151.51,0.193,4,1,0,0.4781596362231518
Same Day,Pacific Asia,Eastern Europe,Fitness,Corporate,5,112.84,0.243,427.1,0.143,0,1,1,0.5765228188965879
Second Class,Europe,Central America,Apparel,Consumer,3,552.84,0.301,1159.31,0.211,2,1,0,0.4698151908022798
Standard Class,USCA,Eastern Europe,Fitness,Consumer,4,415.79,0.082,1526.78,0.126,4,0,0,0.4305323672550601
Standard Class,LATAM,Central America,Fitness,Corporate,3,330.44,0.281,712.76,-0.023,4,1,0,0.3436345727759457
Second Class,USCA,Southeast Asia,Furniture,Consumer,3,560.16,0.052,1593.1,0.183,2,0,1,0.5181669222882167
Standard Class,Europe,Eastern Europe,Electronics,Consumer,2,327.11,0.21,516.83,0.192,4,0,0,0.3295142519294016
Standard Class,Pacific Asia,West Africa,Office Supplies,Corporate,2,341.94,0.33,458.2,0.086,4,0,0,0.4246397609870476
Same Day,Pacific Asia,Oceania,Apparel,Home Office,2,581.75,0.102,1044.82,0.116,0,0,0,0.4782686508231049
Standard Class,LATAM,Eastern Europe,Furniture,Home Office,3,58.45,0.204,139.58,0.141,4,0,0,0.3641772947635312
Standard Class,USCA,Oceania,Electronics,Consumer,4,233.27,0.183,762.33,0.203,4,0,0,0.4008609105061744
Standard Class,Pacific Asia,Western Europe,Office Supplies,Consumer,1,233.01,0.221,181.51,0.169,4,0,0,0.3670736546417361
Same Day,USCA,Eastern Europe,Electronics,Consumer,1,333.54,0.048,317.53,0.311,0,0,0,0.41538015753211305
Second Class,LATAM,Oceania,Fitness,Corporate,2,495.44,0.181,811.53,0.158,2,0,0,0.4640309821800084
Second Class,USCA,Southeast Asia,Apparel,Consumer,1,50.85,0.338,33.66,0.263,2,0,0,0.29565031061341734
Standard Class,Africa,Oceania,Beauty,Consumer,4,451.36,0.07,1679.06,0.063,4,1,1,0.5249262812339123
Standard Class,USCA,Western Europe,Furniture,Home Office,4,414.38,0.098,1495.08,0.195,4,0,0,0.4565388317425233
Second Class,Pacific Asia,Eastern Europe,Office Supplies,Consumer,4,308.02,0.348,803.32,0.21,2,0,1,0.5147804410108363
Standard Class,Europe,Eastern Asia,Office Supplies,Consumer,4,465.14,0.238,1417.75,0.22,4,0,0,0.371961244245749
Standard Class,USCA,West Africa,Electronics,Corporate,4,521.54,0.1,1877.54,0.006,4,0,0,0.4834115904677919
Standard Class,USCA,Western Europe,Beauty,Consumer,1,121.2,0.282,87.02,0.285,4,0,0,0.3636599413581754
Standard Class,USCA,Eastern Asia,Beauty,Corporate,5,209.29,0.248,786.93,0.016,4,0,0,0.3595720414664572
Standard Class,USCA,Central America,Electronics,Consumer,3,27.74,0.057,78.48,0.243,4,0,0,0.3242606191407034
First Class,USCA,Eastern Asia,Apparel,Consumer,1,33.6,0.094,30.44,0.006,1,0,1,0.5671393266106171
Standard Class,USCA,Eastern Asia,Furniture,Consumer,5,462.89,0.247,1742.78,0.301,4,0,0,0.3952869579476469
Standard Class,Europe,West Africa,Furniture,Corporate,5,133.86,0.117,590.99,0.213,4,1,0,0.48278978948128937
First Class,Africa,Eastern Europe,Electronics,Home Office,1,102.66,0.139,88.39,0.032,1,1,1,0.5699822459237627
Second Class,Europe,Southeast Asia,Fitness,Home Office,1,157.27,0.217,123.14,0.252,2,1,1,0.5831792187131248
Standard Class,USCA,Oceania,Electronics,Corporate,3,177.37,0.132,461.87,0.101,4,0,0,0.3135202927110217
Second Class,Africa,Western Europe,Fitness,Home Office,2,24.97,0.22,38.95,0.178,2,1,1,0.5516734878649646
Second Class,Pacific Asia,Southeast Asia,Apparel,Consumer,5,226.71,0.095,1025.86,0.223,2,1,1,0.59593796968202
Standard Class,USCA,South America,Office Supplies,Consumer,2,187.23,0.159,314.92,0.132,4,0,0,0.344300711087406
Standard Class,LATAM,Southeast Asia,Beauty,Corporate,3,465.77,0.315,957.16,0.367,4,0,0,0.38040171040416104
Standard Class,USCA,Eastern Europe,Electronics,Consumer,3,413.44,0.098,1118.77,0.112,4,0,0,0.3525639030202543
Standard Class,Pacific Asia,Central America,Office Supplies,Corporate,5,347.22,0.051,1647.56,-0.035,4,0,0,0.4359877082960353
First Class,Europe,Oceania,Beauty,Home Office,4,36.48,0.111,129.72,0.265,1,1,1,0.5183262249817926
Standard Class,Pacific Asia,South America,Fitness,Consumer,2,318.7,0.003,635.49,0.118,4,0,0,0.3111746685300436
Standard Class,Pacific Asia,Oceania,Electronics,Home Office,4,21.96,0.082,80.64,0.29,4,0,0,0.3160892211983164
